participantId,experimentId,condition,status,createdAt,startedAt,completedAt,reading_id,quiz_id,review_id,llm_interaction_id
5537b204fdf99b51eefed679,5KDdz1P54XXss53O8N2e,with_llm,completed,2025-12-22T10:26:13.081Z,,2025-12-22T11:07:18.589Z,5KDdz1P54XXss53O8N2e_reading,5KDdz1P54XXss53O8N2e_quiz,,
5648e4bf20453f0012c5ad3a,JLMJnVsaQtUelZo1V6cr,with_llm_extended,completed,2025-12-23T11:21:36.468Z,,2025-12-23T12:09:30.622Z,JLMJnVsaQtUelZo1V6cr_reading,JLMJnVsaQtUelZo1V6cr_quiz,,JLMJnVsaQtUelZo1V6cr_llm
5752e09ecd7e970007bd76df,o6sKo0BAvvbbc4VFMDbo,without_llm,completed,2025-12-22T10:43:06.445Z,,2025-12-22T11:16:13.902Z,o6sKo0BAvvbbc4VFMDbo_reading,o6sKo0BAvvbbc4VFMDbo_quiz,,
5805db219ff6120001a135a2,xWKQl56xQiefk0Xxt7V6,with_llm,completed,2025-12-23T09:08:34.048Z,,2025-12-23T09:42:57.552Z,xWKQl56xQiefk0Xxt7V6_reading,xWKQl56xQiefk0Xxt7V6_quiz,,
594dd3de0dd7710001aeb5e9,LpG8YZGE1WWLWQEeosfW,with_llm_extended,completed,2025-12-23T11:38:51.600Z,,2025-12-23T12:06:47.951Z,LpG8YZGE1WWLWQEeosfW_reading,LpG8YZGE1WWLWQEeosfW_quiz,,LpG8YZGE1WWLWQEeosfW_llm
59b15324e79873000148879d,nTab7jOzRHjolAQjq9h7,with_llm,completed,2025-12-22T21:46:48.186Z,,2025-12-22T22:21:55.676Z,nTab7jOzRHjolAQjq9h7_reading,nTab7jOzRHjolAQjq9h7_quiz,,
59dbd41ac0d35a0001294aa0,jCBKV3EamMMO3Czt2vWS,with_llm,completed,2025-12-22T13:47:08.689Z,,2025-12-22T14:26:17.384Z,jCBKV3EamMMO3Czt2vWS_reading,jCBKV3EamMMO3Czt2vWS_quiz,,jCBKV3EamMMO3Czt2vWS_llm
5a068d5b074b190001251791,Wv5EruGYDP0p9jtKO33l,with_llm_extended,completed,2025-12-19T19:00:25.449Z,,2025-12-19T19:28:08.565Z,Wv5EruGYDP0p9jtKO33l_reading,Wv5EruGYDP0p9jtKO33l_quiz,,Wv5EruGYDP0p9jtKO33l_llm
5a7f22ec0f1bce000121ef95,GGrIPEYz74MBx1bbEWXt,without_llm,completed,2025-12-22T09:22:34.283Z,,2025-12-22T09:51:42.153Z,GGrIPEYz74MBx1bbEWXt_reading,GGrIPEYz74MBx1bbEWXt_quiz,,
5ade558c066c510001d43615,1odnJgCRuwmc886z6Jva,with_llm,completed,2025-12-22T07:51:10.503Z,,2025-12-22T08:18:54.030Z,1odnJgCRuwmc886z6Jva_reading,1odnJgCRuwmc886z6Jva_quiz,,1odnJgCRuwmc886z6Jva_llm
5aeb5c9f0f8859000190a19b,wQFIEdjp0lIUQ2f8DRcH,without_llm,completed,2025-12-22T12:04:05.944Z,,2025-12-22T12:34:01.824Z,wQFIEdjp0lIUQ2f8DRcH_reading,wQFIEdjp0lIUQ2f8DRcH_quiz,,
5b490bd59afec90001009679,csTlf2981LtcpzE2heGv,with_llm,completed,2025-12-23T07:11:12.909Z,,2025-12-23T07:38:56.151Z,csTlf2981LtcpzE2heGv_reading,csTlf2981LtcpzE2heGv_quiz,,csTlf2981LtcpzE2heGv_llm
5ba937d53c7a050001992e80,irynvOnl02CL1jqbROjF,with_llm,completed,2025-12-22T10:09:29.380Z,,2025-12-22T10:40:51.063Z,irynvOnl02CL1jqbROjF_reading,irynvOnl02CL1jqbROjF_quiz,,
5be742dd0e366e000175c8ba,71Zltxc5R2hi5iLHJlCe,with_llm,completed,2025-12-22T17:49:23.960Z,,2025-12-22T18:18:41.279Z,71Zltxc5R2hi5iLHJlCe_reading,71Zltxc5R2hi5iLHJlCe_quiz,,
5bffcca24f73310001c5597a,kEfUmFTlshuKekkytl9k,with_llm_extended,completed,2025-12-23T10:48:11.633Z,,2025-12-23T11:25:46.805Z,kEfUmFTlshuKekkytl9k_reading,kEfUmFTlshuKekkytl9k_quiz,,
5c4277ac1242910001bdbf1a,E6q3NXOWu8Pi6ThLaA8U,with_llm,completed,2025-12-19T22:41:22.067Z,,2025-12-19T23:06:57.281Z,E6q3NXOWu8Pi6ThLaA8U_reading,E6q3NXOWu8Pi6ThLaA8U_quiz,,E6q3NXOWu8Pi6ThLaA8U_llm
5c509487172b6c0001779b34,7PzgmGQT1E6rL3cSujpR,with_llm,completed,2025-12-22T12:16:58.834Z,,2025-12-22T12:44:05.477Z,7PzgmGQT1E6rL3cSujpR_reading,7PzgmGQT1E6rL3cSujpR_quiz,,7PzgmGQT1E6rL3cSujpR_llm
5c86d5a58085800016135bd2,S7zaq6LMWGcLOfiTdxYa,with_llm,completed,2025-12-22T13:50:17.877Z,,2025-12-22T14:28:16.786Z,S7zaq6LMWGcLOfiTdxYa_reading,S7zaq6LMWGcLOfiTdxYa_quiz,,S7zaq6LMWGcLOfiTdxYa_llm
5ca62a239ffcce0001036b6b,fgtNvJcdmFDcy2mXVxJS,with_llm_extended,completed,2025-12-22T11:47:16.709Z,,2025-12-22T12:14:48.431Z,fgtNvJcdmFDcy2mXVxJS_reading,fgtNvJcdmFDcy2mXVxJS_quiz,,fgtNvJcdmFDcy2mXVxJS_llm
5cd4ad19f014930017d35d6a,h1ujA85ksEDNldOgpihQ,with_llm_extended,completed,2025-12-22T10:29:36.705Z,,2025-12-22T11:05:45.202Z,h1ujA85ksEDNldOgpihQ_reading,h1ujA85ksEDNldOgpihQ_quiz,,
5cdd11ab4ea13d0001a5c036,Zf4gbNKA4bWgvFtVcino,without_llm,completed,2025-12-22T15:26:44.848Z,,2025-12-22T16:03:10.167Z,Zf4gbNKA4bWgvFtVcino_reading,Zf4gbNKA4bWgvFtVcino_quiz,,
5cde02d000d670000184ea3b,xkB7yNDPV8izBOyVepVK,with_llm,completed,2025-12-20T22:19:41.315Z,,2025-12-20T22:55:59.212Z,xkB7yNDPV8izBOyVepVK_reading,xkB7yNDPV8izBOyVepVK_quiz,,
5d09edb73d40080001655677,YEkRsyRuKQYfcAMN1YEZ,with_llm,completed,2025-12-22T15:01:31.317Z,,2025-12-22T15:38:04.473Z,YEkRsyRuKQYfcAMN1YEZ_reading,YEkRsyRuKQYfcAMN1YEZ_quiz,,
5d67ed161976cc0019cc8a10,Ih7tdA6qZrd7T4M6YP6k,without_llm,completed,2025-12-22T07:59:35.319Z,,2025-12-22T08:49:55.962Z,Ih7tdA6qZrd7T4M6YP6k_reading,Ih7tdA6qZrd7T4M6YP6k_quiz,,
5d94ce7b72b4550016906484,dDdGEGVKBtdWookJEkg8,without_llm,completed,2025-12-22T08:53:42.410Z,,2025-12-22T09:34:52.435Z,dDdGEGVKBtdWookJEkg8_reading,dDdGEGVKBtdWookJEkg8_quiz,,
5d9b7c7efaa2860364b16476,NpggUHSCfGD0L17YoCDF,with_llm,completed,2025-12-19T20:22:58.142Z,,2025-12-19T20:51:20.972Z,NpggUHSCfGD0L17YoCDF_reading,NpggUHSCfGD0L17YoCDF_quiz,,NpggUHSCfGD0L17YoCDF_llm
5d9cb58ee8783f0019c8bd06,FBf7zX7qdgQVYScqFw5A,with_llm_extended,completed,2025-12-19T22:50:17.617Z,,2025-12-19T23:30:48.613Z,FBf7zX7qdgQVYScqFw5A_reading,FBf7zX7qdgQVYScqFw5A_quiz,,
5da78f61a60c0d0017d6ed89,foGpA2pxSBu3daJJxMfx,without_llm,completed,2025-12-22T21:36:09.522Z,,2025-12-22T22:07:17.793Z,foGpA2pxSBu3daJJxMfx_reading,foGpA2pxSBu3daJJxMfx_quiz,,
5dcf14459595a105c52cd304,eEgicFZryM2qwheeB8eS,without_llm,completed,2025-12-22T09:42:00.397Z,,2025-12-22T10:12:15.999Z,eEgicFZryM2qwheeB8eS_reading,eEgicFZryM2qwheeB8eS_quiz,,
5dd9a7ff98981d926df9ea18,ojTh9UyW1Th8mezo0FCS,without_llm,completed,2025-12-22T06:08:04.982Z,,2025-12-22T06:37:08.067Z,ojTh9UyW1Th8mezo0FCS_reading,ojTh9UyW1Th8mezo0FCS_quiz,,
5e1f06e67a9ded238481246e,kzOTLQe4Yc3fqXTmNWWO,with_llm_extended,completed,2025-12-23T11:09:12.876Z,,2025-12-23T12:07:07.234Z,kzOTLQe4Yc3fqXTmNWWO_reading,kzOTLQe4Yc3fqXTmNWWO_quiz,,kzOTLQe4Yc3fqXTmNWWO_llm
5e299d8c2e9dc4000be0fde0,XL4wVgjnJj7j6UKbTmba,without_llm,completed,2025-12-22T12:29:52.949Z,,2025-12-22T13:02:13.670Z,XL4wVgjnJj7j6UKbTmba_reading,XL4wVgjnJj7j6UKbTmba_quiz,,
5e3c29ac4c3831000c5bdb68,mg8QWlX06oYDKZNeRoeN,with_llm,completed,2025-12-23T10:54:34.172Z,,2025-12-23T11:39:45.308Z,mg8QWlX06oYDKZNeRoeN_reading,mg8QWlX06oYDKZNeRoeN_quiz,,
5e6155e6f169c0046b6d6518,ew0Oi3X4BB6UNYa4GUKE,with_llm_extended,completed,2025-12-21T14:41:19.839Z,,2025-12-21T15:18:10.574Z,ew0Oi3X4BB6UNYa4GUKE_reading,ew0Oi3X4BB6UNYa4GUKE_quiz,,ew0Oi3X4BB6UNYa4GUKE_llm
5e64da5ac34e832466061bf8,GdJwiwyTaSBT2HItDAPp,with_llm_extended,completed,2025-12-22T12:23:14.718Z,,2025-12-22T12:49:25.441Z,GdJwiwyTaSBT2HItDAPp_reading,GdJwiwyTaSBT2HItDAPp_quiz,,
5e6e6497d33339419afd90f9,oeqjHjqWfisY0QbOLLJr,with_llm_extended,completed,2025-12-22T10:16:27.371Z,,2025-12-22T10:49:43.042Z,oeqjHjqWfisY0QbOLLJr_reading,oeqjHjqWfisY0QbOLLJr_quiz,,oeqjHjqWfisY0QbOLLJr_llm
5e7ca836a60b642ec70880b1,O1vwITchcMOre9N357JN,with_llm_extended,completed,2025-12-22T19:26:25.758Z,,2025-12-22T20:21:00.956Z,O1vwITchcMOre9N357JN_reading,O1vwITchcMOre9N357JN_quiz,,O1vwITchcMOre9N357JN_llm
5e7dd5b90923ad0009f80bbc,e8GmJ0XvFC9gwL9pJiQ0,without_llm,completed,2025-12-22T11:39:53.899Z,,2025-12-22T12:09:46.929Z,e8GmJ0XvFC9gwL9pJiQ0_reading,e8GmJ0XvFC9gwL9pJiQ0_quiz,,
5e8307bae3b23d01d2259e4c,QgJYPhvOEOMISCOj5dIJ,with_llm,completed,2025-12-22T06:44:37.344Z,,2025-12-22T07:18:58.344Z,QgJYPhvOEOMISCOj5dIJ_reading,QgJYPhvOEOMISCOj5dIJ_quiz,,QgJYPhvOEOMISCOj5dIJ_llm
5e83425144753905a3a17ad8,S0RsN8X0DUDMEDyIhgQU,with_llm,completed,2025-12-22T10:16:08.840Z,,2025-12-22T10:57:44.044Z,S0RsN8X0DUDMEDyIhgQU_reading,S0RsN8X0DUDMEDyIhgQU_quiz,,
5e999a581e025f1cfd5e7090,ZcGlYrnGNXwVDg4CGitT,with_llm_extended,completed,2025-12-22T12:39:01.662Z,,2025-12-22T13:10:11.177Z,ZcGlYrnGNXwVDg4CGitT_reading,ZcGlYrnGNXwVDg4CGitT_quiz,,ZcGlYrnGNXwVDg4CGitT_llm
5ea9cc9195f36c126a27d0a7,X5JJzlgugqu87nJAyj34,with_llm_extended,completed,2025-12-22T08:49:30.609Z,,2025-12-22T09:25:04.320Z,X5JJzlgugqu87nJAyj34_reading,X5JJzlgugqu87nJAyj34_quiz,,X5JJzlgugqu87nJAyj34_llm
5eb7c006b839846ea7a24178,ASH0R0O6bfOtJuGTcX0n,with_llm_extended,completed,2025-12-20T12:17:07.177Z,,2025-12-20T12:53:59.020Z,ASH0R0O6bfOtJuGTcX0n_reading,ASH0R0O6bfOtJuGTcX0n_quiz,,ASH0R0O6bfOtJuGTcX0n_llm
5f0e1fecdc728111e1f7d093,Dd13CgWILpfxSs7fhRUU,with_llm,completed,2025-12-22T02:07:41.762Z,,2025-12-22T02:50:16.196Z,Dd13CgWILpfxSs7fhRUU_reading,Dd13CgWILpfxSs7fhRUU_quiz,,
5f42a27e49962e4a7045a7b0,P2BIsTYbNf5vbwlbjL57,with_llm,completed,2025-12-22T16:34:26.564Z,,2025-12-22T17:03:46.621Z,P2BIsTYbNf5vbwlbjL57_reading,P2BIsTYbNf5vbwlbjL57_quiz,,
5f4ae7cb6b68b56c2acb12c8,156ITSNqPsuY5IfL2Zbo,without_llm,completed,2025-12-19T18:55:25.021Z,,2025-12-19T19:31:55.722Z,156ITSNqPsuY5IfL2Zbo_reading,156ITSNqPsuY5IfL2Zbo_quiz,,
5f6e76757befe43b22307387,u70agQP99KnkPaoXG1qq,with_llm_extended,completed,2025-12-22T22:42:14.692Z,,2025-12-22T23:18:28.912Z,u70agQP99KnkPaoXG1qq_reading,u70agQP99KnkPaoXG1qq_quiz,,u70agQP99KnkPaoXG1qq_llm
5f95e7c5e49c564a01f040aa,y32v6LefUczxAxklLE6I,without_llm,completed,2025-12-20T00:41:39.979Z,,2025-12-20T02:25:18.060Z,y32v6LefUczxAxklLE6I_reading,y32v6LefUczxAxklLE6I_quiz,,
5ff454f2f0b5ed607169fba6,ZXLJBbZzYuR2Oi9BJy1u,with_llm_extended,completed,2025-12-22T05:00:36.325Z,,2025-12-22T05:39:49.544Z,ZXLJBbZzYuR2Oi9BJy1u_reading,ZXLJBbZzYuR2Oi9BJy1u_quiz,,ZXLJBbZzYuR2Oi9BJy1u_llm
601ac0440ae554365a73246b,kId0faSYfh5slBl0AKmj,with_llm_extended,completed,2025-12-22T11:02:40.682Z,,2025-12-22T11:45:51.713Z,kId0faSYfh5slBl0AKmj_reading,kId0faSYfh5slBl0AKmj_quiz,,kId0faSYfh5slBl0AKmj_llm
60673bc6496cefa66a61e737,RFahYgKlNHbvtaFtHVTs,without_llm,completed,2025-12-22T10:56:02.883Z,,2025-12-22T11:26:15.959Z,RFahYgKlNHbvtaFtHVTs_reading,RFahYgKlNHbvtaFtHVTs_quiz,,
60c75879fdf6194f658272fb,qweek1z4Gu2iADeA5hv4,without_llm,completed,2025-12-21T22:23:36.449Z,,2025-12-21T22:57:07.980Z,qweek1z4Gu2iADeA5hv4_reading,qweek1z4Gu2iADeA5hv4_quiz,,
60d4558116de644bde568dde,vTCrmhwefckTiCdKvtio,with_llm,completed,2025-12-22T12:28:07.184Z,,2025-12-22T13:02:36.395Z,vTCrmhwefckTiCdKvtio_reading,vTCrmhwefckTiCdKvtio_quiz,,vTCrmhwefckTiCdKvtio_llm
60d52a5dca16f851ab8b9b82,67hH5FJTOIvt2xZHtxYM,with_llm_extended,completed,2025-12-21T08:48:53.244Z,,2025-12-21T09:20:44.704Z,67hH5FJTOIvt2xZHtxYM_reading,67hH5FJTOIvt2xZHtxYM_quiz,,
60e308bd29d04d6d790aa1ad,kDgqQJ4MDV4y1ZTUKWiC,with_llm_extended,completed,2025-12-22T02:58:20.692Z,,2025-12-22T03:34:57.187Z,kDgqQJ4MDV4y1ZTUKWiC_reading,kDgqQJ4MDV4y1ZTUKWiC_quiz,,kDgqQJ4MDV4y1ZTUKWiC_llm
6102053795bd9b55ab979a48,WnEvPvpbBJWCZgHpuuuy,without_llm,completed,2025-12-20T08:24:17.923Z,,2025-12-20T09:33:25.785Z,WnEvPvpbBJWCZgHpuuuy_reading,WnEvPvpbBJWCZgHpuuuy_quiz,,
612198f856c9f4f2f02f7046,y2zrjoUagyQO9jEe8n51,with_llm_extended,completed,2025-12-22T19:43:11.416Z,,2025-12-22T20:11:55.276Z,y2zrjoUagyQO9jEe8n51_reading,y2zrjoUagyQO9jEe8n51_quiz,,y2zrjoUagyQO9jEe8n51_llm
6127b32b912465823dca1e4b,vz0aPGGhYKUPyQpfooeV,with_llm_extended,completed,2025-12-22T15:39:59.381Z,,2025-12-22T16:24:26.503Z,vz0aPGGhYKUPyQpfooeV_reading,vz0aPGGhYKUPyQpfooeV_quiz,,vz0aPGGhYKUPyQpfooeV_llm
613c927a3da2129cd285ef58,MQVax2V9muMfzH4Tg8SC,with_llm_extended,completed,2025-12-22T17:57:45.359Z,,2025-12-22T18:38:51.780Z,MQVax2V9muMfzH4Tg8SC_reading,MQVax2V9muMfzH4Tg8SC_quiz,,MQVax2V9muMfzH4Tg8SC_llm
614a0facaa13498cff401c41,Oj47qnEa4iAXshwTn3RM,with_llm,completed,2025-12-23T11:38:16.700Z,,2025-12-23T12:05:25.527Z,Oj47qnEa4iAXshwTn3RM_reading,Oj47qnEa4iAXshwTn3RM_quiz,,
614f7550e1d2a29137820173,dry6JzxvzpEqrjbnnGdK,with_llm,completed,2025-12-21T08:28:08.559Z,,2025-12-21T09:06:36.179Z,dry6JzxvzpEqrjbnnGdK_reading,dry6JzxvzpEqrjbnnGdK_quiz,,
61680035775d6be6c3034464,ncf6ilL8CQKsJLeZMTFz,with_llm_extended,completed,2025-12-22T08:08:20.419Z,,2025-12-22T08:36:42.580Z,ncf6ilL8CQKsJLeZMTFz_reading,ncf6ilL8CQKsJLeZMTFz_quiz,,ncf6ilL8CQKsJLeZMTFz_llm
61684f48083b66cd4a37dfbb,zk0nOaly2dhW3rDDpsw5,with_llm_extended,completed,2025-12-22T16:23:56.482Z,,2025-12-22T16:56:04.533Z,zk0nOaly2dhW3rDDpsw5_reading,zk0nOaly2dhW3rDDpsw5_quiz,,zk0nOaly2dhW3rDDpsw5_llm
62a2042e8813ab2f55d8ecf9,PfC33ZKbVQyZDbOQepeh,with_llm_extended,completed,2025-12-23T09:00:52.475Z,,2025-12-23T09:42:45.182Z,PfC33ZKbVQyZDbOQepeh_reading,PfC33ZKbVQyZDbOQepeh_quiz,,
62b354926116305375200028,6UYVTtPZqDH6AP8RNSuY,without_llm,completed,2025-12-23T05:16:56.395Z,,2025-12-23T05:41:12.044Z,6UYVTtPZqDH6AP8RNSuY_reading,6UYVTtPZqDH6AP8RNSuY_quiz,,
62b437a2dbff0b6b3d0121e4,jpEcNpSm8ZAdmS989pQN,with_llm_extended,completed,2025-12-22T08:35:18.959Z,,2025-12-22T09:05:49.038Z,jpEcNpSm8ZAdmS989pQN_reading,jpEcNpSm8ZAdmS989pQN_quiz,,jpEcNpSm8ZAdmS989pQN_llm
62da6a553aaca6fffb50307f,mHnkYhaXr6bBMqvmRGcQ,with_llm_extended,completed,2025-12-22T14:10:22.675Z,,2025-12-22T14:45:04.571Z,mHnkYhaXr6bBMqvmRGcQ_reading,mHnkYhaXr6bBMqvmRGcQ_quiz,,mHnkYhaXr6bBMqvmRGcQ_llm
62e2f4973427f0ab91180361,hMzsckNLTyWW1fQrjXRG,without_llm,completed,2025-12-22T07:44:10.261Z,,2025-12-22T08:14:34.674Z,hMzsckNLTyWW1fQrjXRG_reading,hMzsckNLTyWW1fQrjXRG_quiz,,
6318e2c61780455450fe4199,BNv5foLXnGjmF5uYKaGW,with_llm_extended,completed,2025-12-22T22:15:08.571Z,,2025-12-22T22:49:21.937Z,BNv5foLXnGjmF5uYKaGW_reading,BNv5foLXnGjmF5uYKaGW_quiz,,
6328ea8c44e1e6f7180facd3,9BZpW6VaVHF93eG70y7E,with_llm_extended,completed,2025-12-22T02:10:33.222Z,,2025-12-22T02:42:21.095Z,9BZpW6VaVHF93eG70y7E_reading,9BZpW6VaVHF93eG70y7E_quiz,,9BZpW6VaVHF93eG70y7E_llm
634d7fd5face88069f7ff6ff,HHz8obSjzbypCTIQVl5J,with_llm_extended,completed,2025-12-22T13:23:37.512Z,,2025-12-22T13:50:25.803Z,HHz8obSjzbypCTIQVl5J_reading,HHz8obSjzbypCTIQVl5J_quiz,,
6384fc5695a4edef691103c0,NhuzFczfMTaBt66x6OnX,with_llm_extended,completed,2025-12-22T06:56:42.839Z,,2025-12-22T07:28:56.802Z,NhuzFczfMTaBt66x6OnX_reading,NhuzFczfMTaBt66x6OnX_quiz,,NhuzFczfMTaBt66x6OnX_llm
63cedf5f87024f8b1ad1023f,b7OQw9HRrSwTFOsqKfpc,without_llm,completed,2025-12-22T11:15:04.160Z,,2025-12-22T14:48:38.451Z,b7OQw9HRrSwTFOsqKfpc_reading,b7OQw9HRrSwTFOsqKfpc_quiz,,
63cfefc43323e05d2a6f554b,Q6xKfZPf86n53gCl66NO,with_llm,completed,2025-12-22T20:49:54.584Z,,2025-12-22T21:24:45.046Z,Q6xKfZPf86n53gCl66NO_reading,Q6xKfZPf86n53gCl66NO_quiz,,Q6xKfZPf86n53gCl66NO_llm
63d023f75eaafe675b6fa5fd,mYlzaViboWqSYi3CP0Xw,with_llm_extended,completed,2025-12-20T05:38:11.158Z,,2025-12-20T06:18:25.932Z,mYlzaViboWqSYi3CP0Xw_reading,mYlzaViboWqSYi3CP0Xw_quiz,,mYlzaViboWqSYi3CP0Xw_llm
63d1b1192b2b6d76dae50c06,axya34s1FGIXez3ctZNI,without_llm,completed,2025-12-22T16:28:20.472Z,,2025-12-22T16:52:57.380Z,axya34s1FGIXez3ctZNI_reading,axya34s1FGIXez3ctZNI_quiz,,
63d2d8388a367c258ca82590,vpzQL2hC3ErSmTUaK24q,without_llm,completed,2025-12-22T19:52:25.920Z,,2025-12-22T20:30:56.703Z,vpzQL2hC3ErSmTUaK24q_reading,vpzQL2hC3ErSmTUaK24q_quiz,,
63d3fd5916541b5031bd4a3f,OMkeCIiMn7SXdm6J1crH,without_llm,completed,2025-12-22T13:52:16.240Z,,2025-12-22T14:31:50.748Z,OMkeCIiMn7SXdm6J1crH_reading,OMkeCIiMn7SXdm6J1crH_quiz,,
63efe25e481b721d4bcd9639,1nvkf83KHLzjAgNl48r4,with_llm_extended,completed,2025-12-23T12:28:53.893Z,,2025-12-23T12:58:40.154Z,1nvkf83KHLzjAgNl48r4_reading,1nvkf83KHLzjAgNl48r4_quiz,,1nvkf83KHLzjAgNl48r4_llm
63fc7ac4c0ba10b71a25a63d,J4GbA94CHaaWdcQ0NXaS,with_llm,completed,2025-12-22T07:27:14.121Z,,2025-12-22T07:56:49.084Z,J4GbA94CHaaWdcQ0NXaS_reading,J4GbA94CHaaWdcQ0NXaS_quiz,,
64012ee6e3f2e59aaa36f718,pASsyWL7BeU8d2LHylSm,with_llm,completed,2025-12-19T19:39:24.037Z,,2025-12-19T20:10:39.438Z,pASsyWL7BeU8d2LHylSm_reading,pASsyWL7BeU8d2LHylSm_quiz,,
640349ae900739316aca0f9f,EN5BvdroxpPwpTiEm7rh,without_llm,completed,2025-12-22T12:30:23.390Z,,2025-12-22T13:04:28.677Z,EN5BvdroxpPwpTiEm7rh_reading,EN5BvdroxpPwpTiEm7rh_quiz,,
644695d12dd99a1712dd84c0,RKN3czQkvNUU5ttarWYh,with_llm_extended,completed,2025-12-19T22:00:12.901Z,,2025-12-19T22:31:15.406Z,RKN3czQkvNUU5ttarWYh_reading,RKN3czQkvNUU5ttarWYh_quiz,,
64481bca476d6bfbae2066e2,f1OPhn14k8F7rGD1L8mJ,with_llm_extended,completed,2025-12-22T06:35:29.060Z,,2025-12-22T07:32:19.528Z,f1OPhn14k8F7rGD1L8mJ_reading,f1OPhn14k8F7rGD1L8mJ_quiz,,
651d623cbdcb675cb801bc79,x5sYIrMm9w1ys3Jchr1i,without_llm,completed,2025-12-20T23:13:47.452Z,,2025-12-20T23:42:54.860Z,x5sYIrMm9w1ys3Jchr1i_reading,x5sYIrMm9w1ys3Jchr1i_quiz,,
65216075939674db7a47e7d0,Yfw8NCvirVvm32ZHzZiJ,with_llm_extended,completed,2025-12-21T02:45:07.529Z,,2025-12-21T03:16:27.010Z,Yfw8NCvirVvm32ZHzZiJ_reading,Yfw8NCvirVvm32ZHzZiJ_quiz,,Yfw8NCvirVvm32ZHzZiJ_llm
653927811b00d4a0036cb7ab,3EZ8IRrVZzpDroqLAJlG,with_llm_extended,completed,2025-12-22T11:07:23.872Z,,2025-12-22T11:40:19.830Z,3EZ8IRrVZzpDroqLAJlG_reading,3EZ8IRrVZzpDroqLAJlG_quiz,,
653ab786a5162b73aac38bc9,78C8AQfG2rCDiUEmjyok,with_llm,completed,2025-12-22T11:14:34.484Z,,2025-12-22T11:54:12.444Z,78C8AQfG2rCDiUEmjyok_reading,78C8AQfG2rCDiUEmjyok_quiz,,78C8AQfG2rCDiUEmjyok_llm
654142b51c0cbebefa6f3ea0,ZIbsiXSnfrbUrBEYgzsh,with_llm_extended,completed,2025-12-19T21:11:27.366Z,,2025-12-19T21:40:36.182Z,ZIbsiXSnfrbUrBEYgzsh_reading,ZIbsiXSnfrbUrBEYgzsh_quiz,,ZIbsiXSnfrbUrBEYgzsh_llm
654a56ff9b8baf6c84eb9b69,17dMdN4BxHTnNsbKRHsN,with_llm,completed,2025-12-22T23:09:06.854Z,,2025-12-22T23:42:25.009Z,17dMdN4BxHTnNsbKRHsN_reading,17dMdN4BxHTnNsbKRHsN_quiz,,17dMdN4BxHTnNsbKRHsN_llm
65706b89d4c6c32963d258e8,ycSqXvdB3Wbh1iG4ulRd,with_llm_extended,completed,2025-12-19T21:03:45.375Z,,2025-12-19T22:01:28.118Z,ycSqXvdB3Wbh1iG4ulRd_reading,ycSqXvdB3Wbh1iG4ulRd_quiz,,ycSqXvdB3Wbh1iG4ulRd_llm
6598124cb009a156ae665edf,diGtl8DflcDIUP6aKG6k,without_llm,completed,2025-12-22T08:12:03.455Z,,2025-12-22T08:52:18.457Z,diGtl8DflcDIUP6aKG6k_reading,diGtl8DflcDIUP6aKG6k_quiz,,
659d4aadab2eb6b7a8cffb07,iQjS3eOikULjqU5DaPxQ,with_llm,completed,2025-12-19T21:35:23.846Z,,2025-12-19T22:20:41.382Z,iQjS3eOikULjqU5DaPxQ_reading,iQjS3eOikULjqU5DaPxQ_quiz,,iQjS3eOikULjqU5DaPxQ_llm
659d6ca29e5500da27f1cb5b,AOTDLxmpLc9JVxY8GHjR,with_llm,completed,2025-12-22T19:58:38.326Z,,2025-12-22T20:33:26.558Z,AOTDLxmpLc9JVxY8GHjR_reading,AOTDLxmpLc9JVxY8GHjR_quiz,,AOTDLxmpLc9JVxY8GHjR_llm
65b65fdfb1aba2f7325fa073,cUjl1d7RaeYwiwbgh0le,without_llm,completed,2025-12-23T11:47:15.403Z,,2025-12-23T12:15:07.101Z,cUjl1d7RaeYwiwbgh0le_reading,cUjl1d7RaeYwiwbgh0le_quiz,,
65c637e0e76b878b89b9bae2,ijiQ82QNgphztukQKALV,with_llm,completed,2025-12-22T09:46:24.623Z,,2025-12-22T10:15:37.460Z,ijiQ82QNgphztukQKALV_reading,ijiQ82QNgphztukQKALV_quiz,,
65de3af8fcbc6ef9331bd863,LQH1zlNOtNql3tc1rKJr,with_llm,completed,2025-12-21T04:23:03.563Z,,2025-12-21T04:58:20.867Z,LQH1zlNOtNql3tc1rKJr_reading,LQH1zlNOtNql3tc1rKJr_quiz,,LQH1zlNOtNql3tc1rKJr_llm
65ef950203e4e8448c55e54c,FzanR5obi65ML0pmiN1X,with_llm_extended,completed,2025-12-20T14:24:59.311Z,,2025-12-20T15:05:56.815Z,FzanR5obi65ML0pmiN1X_reading,FzanR5obi65ML0pmiN1X_quiz,,FzanR5obi65ML0pmiN1X_llm
65f684e029d7c63f3338aed7,7gZ9bx5MiLPRidM0rULt,with_llm,completed,2025-12-21T11:09:15.662Z,,2025-12-21T11:45:04.089Z,7gZ9bx5MiLPRidM0rULt_reading,7gZ9bx5MiLPRidM0rULt_quiz,,7gZ9bx5MiLPRidM0rULt_llm
660477cf6f52f75e86f4f349,klwqVPzHrDRCRyC91yjv,with_llm_extended,completed,2025-12-21T20:31:29.559Z,,2025-12-21T21:14:59.710Z,klwqVPzHrDRCRyC91yjv_reading,klwqVPzHrDRCRyC91yjv_quiz,,klwqVPzHrDRCRyC91yjv_llm
6604b10d7328536e5d9bb9db,UDYH0mJOXZJQVwFrkPiY,with_llm,completed,2025-12-20T16:21:49.570Z,,2025-12-20T16:57:24.287Z,UDYH0mJOXZJQVwFrkPiY_reading,UDYH0mJOXZJQVwFrkPiY_quiz,,
660c022ef20bb20404c76d8f,VRcVN1SABxvfK1dV19bY,without_llm,completed,2025-12-23T11:22:03.810Z,,2025-12-23T11:53:41.316Z,VRcVN1SABxvfK1dV19bY_reading,VRcVN1SABxvfK1dV19bY_quiz,,
660d7d551f8fb51d01193e78,gbivCtr1F8vLRLJLOjF5,without_llm,completed,2025-12-22T16:04:02.404Z,,2025-12-22T16:32:33.397Z,gbivCtr1F8vLRLJLOjF5_reading,gbivCtr1F8vLRLJLOjF5_quiz,,
660eb2ab66db1c0d3fa51a2b,mW4GjvZZDTi9KgI1g3sN,with_llm,completed,2025-12-22T09:38:33.007Z,,2025-12-22T10:04:26.982Z,mW4GjvZZDTi9KgI1g3sN_reading,mW4GjvZZDTi9KgI1g3sN_quiz,,
661149a91b7fad3a3d2caf0c,ppZ8MEFyTyLLnX2q049M,with_llm_extended,completed,2025-12-22T08:07:00.681Z,,2025-12-22T08:47:53.393Z,ppZ8MEFyTyLLnX2q049M_reading,ppZ8MEFyTyLLnX2q049M_quiz,,ppZ8MEFyTyLLnX2q049M_llm
661dd11d5523e507da514925,9pEKKp4XnWSy6h68Opp9,without_llm,completed,2025-12-20T02:27:26.247Z,,2025-12-20T02:59:47.434Z,9pEKKp4XnWSy6h68Opp9_reading,9pEKKp4XnWSy6h68Opp9_quiz,,
662266d75f37a6781e7d67d7,0WHsISEsaS1STcn6cMpO,with_llm_extended,completed,2025-12-22T20:12:21.243Z,,2025-12-22T20:42:24.794Z,0WHsISEsaS1STcn6cMpO_reading,0WHsISEsaS1STcn6cMpO_quiz,,0WHsISEsaS1STcn6cMpO_llm
6629396278644f7ca5e5d017,QAuxkR8S6cpBgH0vKBiq,with_llm_extended,completed,2025-12-20T17:51:55.408Z,,2025-12-20T18:25:55.594Z,QAuxkR8S6cpBgH0vKBiq_reading,QAuxkR8S6cpBgH0vKBiq_quiz,,QAuxkR8S6cpBgH0vKBiq_llm
66293ded22cbde752a3bbee4,3Dn9UAQAJp3WLwhyXna9,without_llm,completed,2025-12-20T23:49:14.651Z,,2025-12-21T00:21:32.579Z,3Dn9UAQAJp3WLwhyXna9_reading,3Dn9UAQAJp3WLwhyXna9_quiz,,
66293e1a129d3f87aa344b26,IdPbTYJkkwp2ctPuN4DM,with_llm,completed,2025-12-21T16:07:01.369Z,,2025-12-21T17:02:13.761Z,IdPbTYJkkwp2ctPuN4DM_reading,IdPbTYJkkwp2ctPuN4DM_quiz,,
66364f7e853a9e70d8509fc7,vjsKEvqsKL5Du1htlqfU,with_llm,completed,2025-12-22T08:26:01.579Z,,2025-12-22T08:59:00.418Z,vjsKEvqsKL5Du1htlqfU_reading,vjsKEvqsKL5Du1htlqfU_quiz,,
66366f1058966314508ed6e4,4lX44NeUgad1zRQ8y5yi,with_llm_extended,completed,2025-12-20T00:39:16.403Z,,2025-12-20T01:19:08.213Z,4lX44NeUgad1zRQ8y5yi_reading,4lX44NeUgad1zRQ8y5yi_quiz,,
6647187677519b0df9ecb716,1TORDYQm6hZWun8Lk0ND,with_llm,completed,2025-12-22T08:00:06.724Z,,2025-12-22T08:32:10.303Z,1TORDYQm6hZWun8Lk0ND_reading,1TORDYQm6hZWun8Lk0ND_quiz,,1TORDYQm6hZWun8Lk0ND_llm
66520da15457a5e65d2ec66f,S4r1I1A3vLlJwjkOWCvD,with_llm,completed,2025-12-22T08:56:54.757Z,,2025-12-22T09:27:48.420Z,S4r1I1A3vLlJwjkOWCvD_reading,S4r1I1A3vLlJwjkOWCvD_quiz,,S4r1I1A3vLlJwjkOWCvD_llm
66572ce80b83b5ae5cb07a0c,qPF4xDAEY7fmNQ3C5iZg,without_llm,completed,2025-12-22T19:41:43.476Z,,2025-12-22T20:12:37.046Z,qPF4xDAEY7fmNQ3C5iZg_reading,qPF4xDAEY7fmNQ3C5iZg_quiz,,
6658bd6af1e9209af5f89f53,v5GOJ3AZ7Slc18gYf33P,without_llm,completed,2025-12-22T10:18:13.529Z,,2025-12-22T10:52:27.548Z,v5GOJ3AZ7Slc18gYf33P_reading,v5GOJ3AZ7Slc18gYf33P_quiz,,
6658c063dd60f6a0b5dcb002,yZJYQSlPtoPhNnMCjQcF,without_llm,completed,2025-12-22T14:35:26.893Z,,2025-12-22T15:01:37.844Z,yZJYQSlPtoPhNnMCjQcF_reading,yZJYQSlPtoPhNnMCjQcF_quiz,,
6658d234fa019e8f175c83f7,pZ71aohm70hZODjBcHgo,without_llm,completed,2025-12-22T15:39:37.779Z,,2025-12-22T17:01:56.982Z,pZ71aohm70hZODjBcHgo_reading,pZ71aohm70hZODjBcHgo_quiz,,
6659e11957f1717b65111769,4Hfx8HW3BiE2QZbjyyKv,with_llm,completed,2025-12-22T05:19:37.909Z,,2025-12-22T05:51:58.869Z,4Hfx8HW3BiE2QZbjyyKv_reading,4Hfx8HW3BiE2QZbjyyKv_quiz,,
6659ed0c83328ed788a7cf65,WikHwbscLBQ2dJOUG4Wi,without_llm,completed,2025-12-22T11:58:19.552Z,,2025-12-22T12:36:27.693Z,WikHwbscLBQ2dJOUG4Wi_reading,WikHwbscLBQ2dJOUG4Wi_quiz,,
6659fdc13bceed5a87541da4,pVNJTas3xfkn7L62H2iq,with_llm,completed,2025-12-22T13:28:14.269Z,,2025-12-22T14:01:00.357Z,pVNJTas3xfkn7L62H2iq_reading,pVNJTas3xfkn7L62H2iq_quiz,,pVNJTas3xfkn7L62H2iq_llm
665a16dd2db5a0dff976ea9b,MgJz3SjVQFLrZ9qBy3MG,without_llm,completed,2025-12-23T08:31:38.655Z,,2025-12-23T09:02:21.052Z,MgJz3SjVQFLrZ9qBy3MG_reading,MgJz3SjVQFLrZ9qBy3MG_quiz,,
665b5ab06f53305291fbf9cc,8SmOjN3701TXxLnO9FUc,with_llm_extended,completed,2025-12-22T13:05:19.752Z,,2025-12-22T13:39:03.556Z,8SmOjN3701TXxLnO9FUc_reading,8SmOjN3701TXxLnO9FUc_quiz,,8SmOjN3701TXxLnO9FUc_llm
665ba5fad0a8c603ab8b5242,TyRovBV8w9M5oVUVrKWL,with_llm,completed,2025-12-22T10:10:42.486Z,,2025-12-22T10:55:00.148Z,TyRovBV8w9M5oVUVrKWL_reading,TyRovBV8w9M5oVUVrKWL_quiz,,
6660df77324bd52e8dbce2ef,WnVKMwyqdQqyDa42qoAw,without_llm,completed,2025-12-22T10:06:57.842Z,,2025-12-22T10:36:12.293Z,WnVKMwyqdQqyDa42qoAw_reading,WnVKMwyqdQqyDa42qoAw_quiz,,
666182516b3e1f1fdb4f345a,6P3lcDBmG3halaneg2Mo,with_llm,completed,2025-12-22T12:37:19.407Z,,2025-12-22T13:50:29.633Z,6P3lcDBmG3halaneg2Mo_reading,6P3lcDBmG3halaneg2Mo_quiz,,6P3lcDBmG3halaneg2Mo_llm
6665aacb7549bd73950c9e6b,ibzp1IeVJPfTEJTQAMum,without_llm,completed,2025-12-22T09:42:08.207Z,,2025-12-22T10:16:25.455Z,ibzp1IeVJPfTEJTQAMum_reading,ibzp1IeVJPfTEJTQAMum_quiz,,
6665e9f9b49082f6458c687d,EX0hNZZwtxvRI6vmyYaH,with_llm,completed,2025-12-22T13:04:03.488Z,,2025-12-22T13:45:33.985Z,EX0hNZZwtxvRI6vmyYaH_reading,EX0hNZZwtxvRI6vmyYaH_quiz,,
666640831e2f8d963f8c528f,iX0kSvMdQQdKsLG8XMFj,with_llm,completed,2025-12-23T03:58:34.444Z,,2025-12-23T04:27:18.913Z,iX0kSvMdQQdKsLG8XMFj_reading,iX0kSvMdQQdKsLG8XMFj_quiz,,iX0kSvMdQQdKsLG8XMFj_llm
66708fa4dfe022dbed4cae9c,XSJjhwYDnQIcank5ykoA,with_llm,completed,2025-12-19T19:17:20.735Z,,2025-12-19T20:03:47.218Z,XSJjhwYDnQIcank5ykoA_reading,XSJjhwYDnQIcank5ykoA_quiz,,
6671f8979384370db5e1c713,7QgKJYwJNwkwGKenqdUi,with_llm,completed,2025-12-22T08:08:01.583Z,,2025-12-22T08:39:22.853Z,7QgKJYwJNwkwGKenqdUi_reading,7QgKJYwJNwkwGKenqdUi_quiz,,7QgKJYwJNwkwGKenqdUi_llm
6673705315e1f2006697c6da,mGuOzVm8KqbWThOViKym,with_llm,completed,2025-12-19T22:34:19.320Z,,2025-12-19T23:05:54.775Z,mGuOzVm8KqbWThOViKym_reading,mGuOzVm8KqbWThOViKym_quiz,,mGuOzVm8KqbWThOViKym_llm
6674ae115abf5a938c5e7c3d,7peMOx45sFN8nfSADBwH,with_llm,completed,2025-12-22T16:20:41.837Z,,2025-12-22T17:12:51.073Z,7peMOx45sFN8nfSADBwH_reading,7peMOx45sFN8nfSADBwH_quiz,,
66759b71393cdf8c9276b688,42uFyVa55o8gdhu7cpe7,without_llm,completed,2025-12-22T09:27:48.801Z,,2025-12-22T09:56:18.310Z,42uFyVa55o8gdhu7cpe7_reading,42uFyVa55o8gdhu7cpe7_quiz,,
667634625cc34d5ac97492bf,o3K0xzzMR94EaSgBur6x,with_llm_extended,completed,2025-12-20T15:01:45.253Z,,2025-12-20T15:34:48.771Z,o3K0xzzMR94EaSgBur6x_reading,o3K0xzzMR94EaSgBur6x_quiz,,
667e3c908dfe54c0973bbe34,ac0hznSEOVZG1Ed4ACuG,with_llm_extended,completed,2025-12-21T21:32:50.636Z,,2025-12-21T22:05:24.257Z,ac0hznSEOVZG1Ed4ACuG_reading,ac0hznSEOVZG1Ed4ACuG_quiz,,
66817f4754e17e6ec71a44b0,sjoBEOAqGin9LsOSFdmi,without_llm,completed,2025-12-20T18:05:06.643Z,,2025-12-20T18:31:04.628Z,sjoBEOAqGin9LsOSFdmi_reading,sjoBEOAqGin9LsOSFdmi_quiz,,
6682c269b9b9b8b8bcdffa07,qbqCPpdPlUXruxS3d5w4,with_llm,completed,2025-12-20T02:49:11.825Z,,2025-12-20T03:24:08.916Z,qbqCPpdPlUXruxS3d5w4_reading,qbqCPpdPlUXruxS3d5w4_quiz,,qbqCPpdPlUXruxS3d5w4_llm
66845d64ef9123bc488e1242,RWdZPCMvhGpyIInBxadB,with_llm_extended,completed,2025-12-22T08:26:36.495Z,,2025-12-22T09:02:57.962Z,RWdZPCMvhGpyIInBxadB_reading,RWdZPCMvhGpyIInBxadB_quiz,,RWdZPCMvhGpyIInBxadB_llm
66857a5b6efcd1cf07b88707,Call5IOWFdawqkUsZHl8,with_llm_extended,completed,2025-12-22T13:49:06.758Z,,2025-12-22T14:20:45.183Z,Call5IOWFdawqkUsZHl8_reading,Call5IOWFdawqkUsZHl8_quiz,,Call5IOWFdawqkUsZHl8_llm
66881fbe723bc57d75a2c268,w4h9wyGG6dpS4RtOFSYD,with_llm,completed,2025-12-20T05:09:29.226Z,,2025-12-20T05:44:15.553Z,w4h9wyGG6dpS4RtOFSYD_reading,w4h9wyGG6dpS4RtOFSYD_quiz,,w4h9wyGG6dpS4RtOFSYD_llm
66882d9207bafe4863311ddc,YWnRuHAjmdQVRHGQnetp,without_llm,completed,2025-12-19T23:12:29.710Z,,2025-12-19T23:55:25.380Z,YWnRuHAjmdQVRHGQnetp_reading,YWnRuHAjmdQVRHGQnetp_quiz,,
668d16ae27f1ad4461650742,PZR0djD5TiDLq9ymyfQp,with_llm_extended,completed,2025-12-22T10:36:31.394Z,,2025-12-22T11:07:40.548Z,PZR0djD5TiDLq9ymyfQp_reading,PZR0djD5TiDLq9ymyfQp_quiz,,PZR0djD5TiDLq9ymyfQp_llm
668edb3b608a3d4537e2da08,21uiLaXDSBLnJY5nFvfN,with_llm,completed,2025-12-20T05:13:55.349Z,,2025-12-20T05:48:20.180Z,21uiLaXDSBLnJY5nFvfN_reading,21uiLaXDSBLnJY5nFvfN_quiz,,21uiLaXDSBLnJY5nFvfN_llm
668eec6ed561b72c282fc11a,dWD3l9gGAW4TXIAsmFff,with_llm_extended,completed,2025-12-21T07:44:39.959Z,,2025-12-21T08:17:07.948Z,dWD3l9gGAW4TXIAsmFff_reading,dWD3l9gGAW4TXIAsmFff_quiz,,
669d6e67b980bf3846b82e8f,JePC5loumrAQdo0NVrq7,without_llm,completed,2025-12-22T18:12:42.977Z,,2025-12-22T18:46:07.744Z,JePC5loumrAQdo0NVrq7_reading,JePC5loumrAQdo0NVrq7_quiz,,
669eba3ad8d7d49177bc50d0,ng7KNvlE35yMJEAusAwq,with_llm,completed,2025-12-22T15:35:52.861Z,,2025-12-22T16:06:49.589Z,ng7KNvlE35yMJEAusAwq_reading,ng7KNvlE35yMJEAusAwq_quiz,,
669f1b414df434c089390389,UbRzyFdXrcTCKn4GHaV9,without_llm,completed,2025-12-20T04:39:40.946Z,,2025-12-20T05:18:11.281Z,UbRzyFdXrcTCKn4GHaV9_reading,UbRzyFdXrcTCKn4GHaV9_quiz,,
66a2741b8cc4486c4d2032d9,emZ2kUraFCHPW6u0gyns,with_llm,completed,2025-12-22T08:57:37.845Z,,2025-12-22T09:47:59.671Z,emZ2kUraFCHPW6u0gyns_reading,emZ2kUraFCHPW6u0gyns_quiz,,emZ2kUraFCHPW6u0gyns_llm
66a819b2c3eb66cffc47e808,Oyx8k1JvCYTIFW7xm6KP,without_llm,completed,2025-12-19T20:26:44.382Z,,2025-12-19T20:56:16.231Z,Oyx8k1JvCYTIFW7xm6KP_reading,Oyx8k1JvCYTIFW7xm6KP_quiz,,
66b2c7262f4631f5eea8e729,ngBXkyeBRlHNbFkeesiU,with_llm_extended,completed,2025-12-19T20:00:53.855Z,,2025-12-19T20:32:55.980Z,ngBXkyeBRlHNbFkeesiU_reading,ngBXkyeBRlHNbFkeesiU_quiz,,
66b8e8f12fa9160e4ca9f25b,CW9vXkNqFHh2osKM2dah,with_llm,completed,2025-12-22T18:39:16.172Z,,2025-12-22T19:07:15.288Z,CW9vXkNqFHh2osKM2dah_reading,CW9vXkNqFHh2osKM2dah_quiz,,CW9vXkNqFHh2osKM2dah_llm
66b9a0475a301eacdfb5e608,UMiVvY0HD0lxs0QCclZZ,without_llm,completed,2025-12-20T02:11:19.446Z,,2025-12-20T02:39:53.592Z,UMiVvY0HD0lxs0QCclZZ_reading,UMiVvY0HD0lxs0QCclZZ_quiz,,
66ba2139a67c5c99778a6766,zfhO001baQTcxlyTHgzj,with_llm,completed,2025-12-19T21:07:05.255Z,,2025-12-19T21:38:43.874Z,zfhO001baQTcxlyTHgzj_reading,zfhO001baQTcxlyTHgzj_quiz,,zfhO001baQTcxlyTHgzj_llm
66bd73db3481a3d17695c23e,o9t9sL52P5aU35AlvZE6,without_llm,completed,2025-12-20T04:59:42.189Z,,2025-12-20T05:53:27.611Z,o9t9sL52P5aU35AlvZE6_reading,o9t9sL52P5aU35AlvZE6_quiz,,
66be213d651dff72ff117b7d,7wrHj1gkxe7BpoTOuJ2w,without_llm,completed,2025-12-22T20:30:13.368Z,,2025-12-22T20:58:08.428Z,7wrHj1gkxe7BpoTOuJ2w_reading,7wrHj1gkxe7BpoTOuJ2w_quiz,,
66beb7a1951f8a18b03cd9c5,rFQRovjOT3N5qky91a6R,without_llm,completed,2025-12-19T19:29:56.053Z,,2025-12-19T20:06:12.969Z,rFQRovjOT3N5qky91a6R_reading,rFQRovjOT3N5qky91a6R_quiz,,
66bfe5ecc23f1e2109f144d6,AUrGoBvvveLCZnuhHMJG,without_llm,completed,2025-12-21T04:22:08.850Z,,2025-12-21T04:54:57.050Z,AUrGoBvvveLCZnuhHMJG_reading,AUrGoBvvveLCZnuhHMJG_quiz,,
66c33e386baa1ae990d7165d,HWh0JMtDFiICelV1rxbS,with_llm,completed,2025-12-22T12:00:09.107Z,,2025-12-22T12:36:18.679Z,HWh0JMtDFiICelV1rxbS_reading,HWh0JMtDFiICelV1rxbS_quiz,,
66c344f0ca88e523ebbc35a2,MmueIydpYgOORBkBA329,with_llm,completed,2025-12-22T11:55:28.760Z,,2025-12-22T12:28:03.191Z,MmueIydpYgOORBkBA329_reading,MmueIydpYgOORBkBA329_quiz,,MmueIydpYgOORBkBA329_llm
66c36df59f1061046b7ea01b,lOZOCeBUTY7wNFO8eQyi,without_llm,completed,2025-12-21T22:58:37.819Z,,2025-12-21T23:31:35.820Z,lOZOCeBUTY7wNFO8eQyi_reading,lOZOCeBUTY7wNFO8eQyi_quiz,,
66c6b37d82e002e73e1fbd2d,rbt2TAYPVAL1KzSaaeot,with_llm_extended,completed,2025-12-21T01:32:51.082Z,,2025-12-21T02:11:09.356Z,rbt2TAYPVAL1KzSaaeot_reading,rbt2TAYPVAL1KzSaaeot_quiz,,
66c8842e8667d7d2dd040001,u68zJKU19oT5fF4K751O,without_llm,completed,2025-12-20T15:05:34.352Z,,2025-12-20T15:31:49.893Z,u68zJKU19oT5fF4K751O_reading,u68zJKU19oT5fF4K751O_quiz,,
66c8ee23967e42b053411eee,SKYpbK9AAxArWSCnEPgU,with_llm,completed,2025-12-23T08:34:26.397Z,,2025-12-23T09:10:32.416Z,SKYpbK9AAxArWSCnEPgU_reading,SKYpbK9AAxArWSCnEPgU_quiz,,
66cc4546f9e3a25d2adc51c8,jVQd3EWqeZ72jHmHzR69,with_llm_extended,completed,2025-12-22T09:27:05.611Z,,2025-12-22T09:55:04.564Z,jVQd3EWqeZ72jHmHzR69_reading,jVQd3EWqeZ72jHmHzR69_quiz,,
66cdf006dc37b68c08c84ac5,8oGYYKjEy5AT1fjaEV81,with_llm,completed,2025-12-22T19:43:19.450Z,,2025-12-22T20:23:28.473Z,8oGYYKjEy5AT1fjaEV81_reading,8oGYYKjEy5AT1fjaEV81_quiz,,8oGYYKjEy5AT1fjaEV81_llm
66d470efae87ffb63c6ee75b,XvZ9q1Q26oPEUZczfwn1,with_llm_extended,completed,2025-12-23T09:29:34.386Z,,2025-12-23T10:04:25.207Z,XvZ9q1Q26oPEUZczfwn1_reading,XvZ9q1Q26oPEUZczfwn1_quiz,,XvZ9q1Q26oPEUZczfwn1_llm
66d753769fda18f114e0e534,Rsq1UrIhWjscgFV84Bwh,with_llm_extended,completed,2025-12-22T12:28:53.690Z,,2025-12-22T12:59:25.618Z,Rsq1UrIhWjscgFV84Bwh_reading,Rsq1UrIhWjscgFV84Bwh_quiz,,Rsq1UrIhWjscgFV84Bwh_llm
66d921d24ea620ae6b29d74b,0jfyW2yC02vnNyvPBdiw,with_llm,completed,2025-12-19T19:26:28.884Z,,2025-12-19T20:05:13.652Z,0jfyW2yC02vnNyvPBdiw_reading,0jfyW2yC02vnNyvPBdiw_quiz,,
66e04b2f9cd94406f2da8f42,XixJpaLZOwesdleeMjKp,with_llm,completed,2025-12-23T10:33:45.263Z,,2025-12-23T11:03:46.375Z,XixJpaLZOwesdleeMjKp_reading,XixJpaLZOwesdleeMjKp_quiz,,XixJpaLZOwesdleeMjKp_llm
66e1fe0eef87e2486f0f4ca1,IY800byYR7z5VQdsCLSN,with_llm,completed,2025-12-21T07:36:36.773Z,,2025-12-21T08:46:03.695Z,IY800byYR7z5VQdsCLSN_reading,IY800byYR7z5VQdsCLSN_quiz,,
66e3151584ce7d01596d194a,1RvazM1mZ5ZuHWrpf2Hl,with_llm,completed,2025-12-20T01:40:43.605Z,,2025-12-20T02:22:10.311Z,1RvazM1mZ5ZuHWrpf2Hl_reading,1RvazM1mZ5ZuHWrpf2Hl_quiz,,1RvazM1mZ5ZuHWrpf2Hl_llm
66e4fc9c0c958246837a6941,pIBCjPQnnG4WnHdmNjOT,with_llm,completed,2025-12-20T13:34:18.976Z,,2025-12-20T14:07:56.201Z,pIBCjPQnnG4WnHdmNjOT_reading,pIBCjPQnnG4WnHdmNjOT_quiz,,pIBCjPQnnG4WnHdmNjOT_llm
66e84a9aeb1250e4e671ae2c,KPpkKRjHa4iZESIDkIFL,with_llm,completed,2025-12-22T10:04:02.642Z,,2025-12-22T10:38:20.745Z,KPpkKRjHa4iZESIDkIFL_reading,KPpkKRjHa4iZESIDkIFL_quiz,,KPpkKRjHa4iZESIDkIFL_llm
66f0457846752930b55150a3,LqLm66bu1qfIkz2bGCiK,with_llm,completed,2025-12-21T18:23:23.251Z,,2025-12-21T19:03:41.546Z,LqLm66bu1qfIkz2bGCiK_reading,LqLm66bu1qfIkz2bGCiK_quiz,,LqLm66bu1qfIkz2bGCiK_llm
66f0765bb7f6c2ae6ef721ee,Mvijy9Z3T0K2wp3Upo7t,with_llm_extended,completed,2025-12-22T10:32:50.376Z,,2025-12-22T11:06:25.398Z,Mvijy9Z3T0K2wp3Upo7t_reading,Mvijy9Z3T0K2wp3Upo7t_quiz,,
66f23f43364a3d1b7b018f27,cncN3mzNWfuSj0AQ88Km,without_llm,completed,2025-12-20T10:52:49.805Z,,2025-12-20T11:24:06.495Z,cncN3mzNWfuSj0AQ88Km_reading,cncN3mzNWfuSj0AQ88Km_quiz,,
66f59c766e7e22e1f90d08f6,lIXFRLbQWR09dEoODXVd,with_llm_extended,completed,2025-12-20T19:13:52.240Z,,2025-12-20T19:46:17.766Z,lIXFRLbQWR09dEoODXVd_reading,lIXFRLbQWR09dEoODXVd_quiz,,
66f99699f2bb894cbd57209f,OgRRZOh3RQG04TOP0x5y,with_llm,completed,2025-12-22T08:54:13.508Z,,2025-12-22T09:34:41.209Z,OgRRZOh3RQG04TOP0x5y_reading,OgRRZOh3RQG04TOP0x5y_quiz,,
6701cdb7d312f798d316810e,WXHyvAxZXAqUMBlOjUl4,without_llm,completed,2025-12-22T15:01:10.158Z,,2025-12-22T15:39:35.058Z,WXHyvAxZXAqUMBlOjUl4_reading,WXHyvAxZXAqUMBlOjUl4_quiz,,
6703370d69c922c9c282ef5c,UtoDPegJTtMYNtR62ksg,without_llm,completed,2025-12-21T12:52:22.573Z,,2025-12-21T13:27:56.619Z,UtoDPegJTtMYNtR62ksg_reading,UtoDPegJTtMYNtR62ksg_quiz,,
6704025bdd15dcd73f54125a,r46UbPe4f1QCBvG5QFzA,with_llm,completed,2025-12-22T11:07:54.561Z,,2025-12-22T11:39:08.651Z,r46UbPe4f1QCBvG5QFzA_reading,r46UbPe4f1QCBvG5QFzA_quiz,,r46UbPe4f1QCBvG5QFzA_llm
6708e405424678d90434ac89,4oE89r2qDXhXMb1y50nX,with_llm,completed,2025-12-22T10:59:20.848Z,,2025-12-22T11:40:35.541Z,4oE89r2qDXhXMb1y50nX_reading,4oE89r2qDXhXMb1y50nX_quiz,,4oE89r2qDXhXMb1y50nX_llm
670da3fd0b8a2f7a542a2b24,HkiHviIHzQOQkfONk9TE,with_llm,completed,2025-12-20T14:51:12.905Z,,2025-12-20T15:31:49.100Z,HkiHviIHzQOQkfONk9TE_reading,HkiHviIHzQOQkfONk9TE_quiz,,HkiHviIHzQOQkfONk9TE_llm
670fb18f6f6ca0d7257a9302,wmHdPqSrc7siYZ6XZ0MU,with_llm_extended,completed,2025-12-19T22:50:48.154Z,,2025-12-19T23:16:45.690Z,wmHdPqSrc7siYZ6XZ0MU_reading,wmHdPqSrc7siYZ6XZ0MU_quiz,,wmHdPqSrc7siYZ6XZ0MU_llm
6712c4178dc857f9a720852b,kpDusdiT0j7rdpmwPQXF,with_llm_extended,completed,2025-12-22T17:18:49.609Z,,2025-12-22T17:47:22.726Z,kpDusdiT0j7rdpmwPQXF_reading,kpDusdiT0j7rdpmwPQXF_quiz,,kpDusdiT0j7rdpmwPQXF_llm
6713a6a34b872f10e42e1502,zgfULFYR2pMq0o7hQdzj,with_llm_extended,completed,2025-12-22T11:54:52.595Z,,2025-12-22T12:32:03.618Z,zgfULFYR2pMq0o7hQdzj_reading,zgfULFYR2pMq0o7hQdzj_quiz,,zgfULFYR2pMq0o7hQdzj_llm
6717f85a6a89e8cd9b165aaf,txdMucKsYSkY5qWqUWu5,with_llm_extended,completed,2025-12-22T10:01:19.989Z,,2025-12-22T10:58:58.817Z,txdMucKsYSkY5qWqUWu5_reading,txdMucKsYSkY5qWqUWu5_quiz,,
6718fa3043e1839e51351385,aRYSCYEMTHeo5nG5SfUn,with_llm,completed,2025-12-22T03:04:38.534Z,,2025-12-22T03:35:05.731Z,aRYSCYEMTHeo5nG5SfUn_reading,aRYSCYEMTHeo5nG5SfUn_quiz,,aRYSCYEMTHeo5nG5SfUn_llm
67191218806a2b419b243e5c,ElFIgDs9Sy9HzpbEwoRC,without_llm,completed,2025-12-21T08:13:10.655Z,,2025-12-21T08:52:02.353Z,ElFIgDs9Sy9HzpbEwoRC_reading,ElFIgDs9Sy9HzpbEwoRC_quiz,,
671cdd2146a2a9d3d0535132,fDACpIZowHUGbC4qsJne,with_llm,completed,2025-12-22T01:20:09.396Z,,2025-12-22T01:57:42.421Z,fDACpIZowHUGbC4qsJne_reading,fDACpIZowHUGbC4qsJne_quiz,,fDACpIZowHUGbC4qsJne_llm
671d772447cf5a3419817702,1WzTxIrsPLB1YhR22USp,with_llm,completed,2025-12-20T09:24:37.486Z,,2025-12-20T15:34:24.436Z,1WzTxIrsPLB1YhR22USp_reading,1WzTxIrsPLB1YhR22USp_quiz,,
6722ceb13a02b06603b7b285,pkVCSX68d7KoB8XT001m,with_llm,completed,2025-12-19T20:38:18.094Z,,2025-12-19T21:10:52.223Z,pkVCSX68d7KoB8XT001m_reading,pkVCSX68d7KoB8XT001m_quiz,,
6724d3673a5391f6e028d659,4ucQFHIIa8ktqiilZbxx,without_llm,completed,2025-12-19T19:40:23.731Z,,2025-12-19T20:16:39.329Z,4ucQFHIIa8ktqiilZbxx_reading,4ucQFHIIa8ktqiilZbxx_quiz,,
672501c7bc2f7f52114f2a5e,ZiNOwuXXcAuJyqvYLxlI,with_llm_extended,completed,2025-12-19T19:29:06.556Z,,2025-12-19T20:03:00.502Z,ZiNOwuXXcAuJyqvYLxlI_reading,ZiNOwuXXcAuJyqvYLxlI_quiz,,
672539aa74aa5a08ab440626,fCQzC7X1mkLH73X0xBmZ,with_llm_extended,completed,2025-12-22T12:03:17.729Z,,2025-12-22T12:36:43.067Z,fCQzC7X1mkLH73X0xBmZ_reading,fCQzC7X1mkLH73X0xBmZ_quiz,,fCQzC7X1mkLH73X0xBmZ_llm
6726175b381af01a5aaef18a,wSYr4gn6EfwSqGqYAVwq,with_llm_extended,completed,2025-12-21T23:48:23.797Z,,2025-12-22T00:15:40.116Z,wSYr4gn6EfwSqGqYAVwq_reading,wSYr4gn6EfwSqGqYAVwq_quiz,,wSYr4gn6EfwSqGqYAVwq_llm
672695e93764017bcf01d69b,3Yfip4DcDLe6aaywpu91,with_llm_extended,completed,2025-12-22T07:31:30.354Z,,2025-12-22T08:06:33.950Z,3Yfip4DcDLe6aaywpu91_reading,3Yfip4DcDLe6aaywpu91_quiz,,
672789bc7b3816f4f1a42e43,QWwgLXLA8HoXdD5b3fyM,without_llm,completed,2025-12-22T13:19:12.374Z,,2025-12-22T13:52:06.179Z,QWwgLXLA8HoXdD5b3fyM_reading,QWwgLXLA8HoXdD5b3fyM_quiz,,
6727e176e5f011b020a6a2db,CltPOb0paC9JMHIDRRG9,without_llm,completed,2025-12-19T19:43:28.052Z,,2025-12-19T20:10:35.374Z,CltPOb0paC9JMHIDRRG9_reading,CltPOb0paC9JMHIDRRG9_quiz,,
672946ef8187e4253c5ff800,PNMgXdKBVw4xSNRbXWvF,without_llm,completed,2025-12-22T10:15:35.418Z,,2025-12-22T10:49:24.685Z,PNMgXdKBVw4xSNRbXWvF_reading,PNMgXdKBVw4xSNRbXWvF_quiz,,
672a0f49692a1a87ac2772da,cxoEzOQHZSy8Edvg0NpP,with_llm,completed,2025-12-19T23:12:01.491Z,,2025-12-20T00:24:46.778Z,cxoEzOQHZSy8Edvg0NpP_reading,cxoEzOQHZSy8Edvg0NpP_quiz,,cxoEzOQHZSy8Edvg0NpP_llm
672c99775b51436252e1b231,WYKTtO6JKQluUrSVkRvE,without_llm,completed,2025-12-22T02:01:35.870Z,,2025-12-22T02:43:17.830Z,WYKTtO6JKQluUrSVkRvE_reading,WYKTtO6JKQluUrSVkRvE_quiz,,
672eeebde600098b4b65d4a8,5GPy1vmDVWseQVgw8i4v,without_llm,completed,2025-12-19T19:00:08.870Z,,2025-12-19T19:32:20.322Z,5GPy1vmDVWseQVgw8i4v_reading,5GPy1vmDVWseQVgw8i4v_quiz,,
672f0e017c32cf8dfb315424,cm5xw1zAdd6wrr6cC4G9,with_llm_extended,completed,2025-12-21T04:26:39.975Z,,2025-12-21T05:11:34.511Z,cm5xw1zAdd6wrr6cC4G9_reading,cm5xw1zAdd6wrr6cC4G9_quiz,,
67311201ae5343816a576b29,gdkgODJLmj4QxbEnvOtd,without_llm,completed,2025-12-22T02:32:27.295Z,,2025-12-22T03:04:53.652Z,gdkgODJLmj4QxbEnvOtd_reading,gdkgODJLmj4QxbEnvOtd_quiz,,
6736247083a7524dfeccab93,WLlko6L4dGSSZWXkTa6i,without_llm,completed,2025-12-22T09:59:49.967Z,,2025-12-22T10:43:32.471Z,WLlko6L4dGSSZWXkTa6i_reading,WLlko6L4dGSSZWXkTa6i_quiz,,
67367a40e4abdcfbbaa00bcc,nxB9IA0BLN9a2YLeg1yd,without_llm,completed,2025-12-21T21:05:32.256Z,,2025-12-21T21:44:03.444Z,nxB9IA0BLN9a2YLeg1yd_reading,nxB9IA0BLN9a2YLeg1yd_quiz,,
673b7de4a2e905d7e456db70,IrcBPDcFQFtgaRyUScIN,without_llm,completed,2025-12-22T11:54:08.387Z,,2025-12-22T12:27:31.964Z,IrcBPDcFQFtgaRyUScIN_reading,IrcBPDcFQFtgaRyUScIN_quiz,,
673df43bab9b5d6c0cba0f9a,u0NZfHqBMquNQeHr7gu0,with_llm_extended,completed,2025-12-22T09:39:43.577Z,,2025-12-22T10:09:40.562Z,u0NZfHqBMquNQeHr7gu0_reading,u0NZfHqBMquNQeHr7gu0_quiz,,u0NZfHqBMquNQeHr7gu0_llm
6740b01583cadef1afebeb9d,oiyVQ948mhc54wPpf2wk,with_llm_extended,completed,2025-12-19T18:55:16.971Z,,2025-12-19T19:24:58.874Z,oiyVQ948mhc54wPpf2wk_reading,oiyVQ948mhc54wPpf2wk_quiz,,oiyVQ948mhc54wPpf2wk_llm
67425ff05a1e573622ade37a,vXQ6iOT222wn9W3MFXL4,with_llm_extended,completed,2025-12-22T09:36:43.197Z,,2025-12-22T10:12:13.913Z,vXQ6iOT222wn9W3MFXL4_reading,vXQ6iOT222wn9W3MFXL4_quiz,,vXQ6iOT222wn9W3MFXL4_llm
67448035804444614abdcc6c,E591FDQpnxHgmEduYvqr,with_llm_extended,completed,2025-12-22T02:12:16.240Z,,2025-12-22T02:47:05.752Z,E591FDQpnxHgmEduYvqr_reading,E591FDQpnxHgmEduYvqr_quiz,,E591FDQpnxHgmEduYvqr_llm
67449b2d46dfbc02a0f083b3,rAeKeVJ9EMYtEn8Kv78F,with_llm,completed,2025-12-19T19:54:57.432Z,,2025-12-19T20:35:43.002Z,rAeKeVJ9EMYtEn8Kv78F_reading,rAeKeVJ9EMYtEn8Kv78F_quiz,,rAeKeVJ9EMYtEn8Kv78F_llm
674696d5ad8d317b574a1344,fhfsILvmLTYrLrXvXcQh,with_llm_extended,completed,2025-12-20T05:02:38.549Z,,2025-12-20T05:46:38.435Z,fhfsILvmLTYrLrXvXcQh_reading,fhfsILvmLTYrLrXvXcQh_quiz,,
6746e74a384ba0891f6de321,OB23XEYM8c6i3Z7tFu93,with_llm_extended,completed,2025-12-21T19:53:17.071Z,,2025-12-21T20:20:52.772Z,OB23XEYM8c6i3Z7tFu93_reading,OB23XEYM8c6i3Z7tFu93_quiz,,
67496dea4b9483e93cf9d117,ReM4aAlJuNcir13BppIM,with_llm_extended,completed,2025-12-20T07:31:25.241Z,,2025-12-20T08:01:46.523Z,ReM4aAlJuNcir13BppIM_reading,ReM4aAlJuNcir13BppIM_quiz,,
674cf1b47d6743e2ea091d98,BS61TF0uUPJsBF71pGnU,with_llm_extended,completed,2025-12-22T16:59:27.372Z,,2025-12-22T17:39:47.652Z,BS61TF0uUPJsBF71pGnU_reading,BS61TF0uUPJsBF71pGnU_quiz,,BS61TF0uUPJsBF71pGnU_llm
67501946d923a3866d1635dd,pIii2SiL43Ck0Ijw7xuc,without_llm,completed,2025-12-22T17:49:44.270Z,,2025-12-22T18:22:56.381Z,pIii2SiL43Ck0Ijw7xuc_reading,pIii2SiL43Ck0Ijw7xuc_quiz,,
6750963f80dc9a9b834ddbbe,StJa795VbuQzt6Z9LfIR,with_llm_extended,completed,2025-12-21T22:55:08.854Z,,2025-12-21T23:23:54.286Z,StJa795VbuQzt6Z9LfIR_reading,StJa795VbuQzt6Z9LfIR_quiz,,StJa795VbuQzt6Z9LfIR_llm
6756d8d07b3444c59eeff05c,XUG2DfWtBQxLRWtYT9WN,with_llm_extended,completed,2025-12-23T04:46:42.313Z,,2025-12-23T05:20:33.459Z,XUG2DfWtBQxLRWtYT9WN_reading,XUG2DfWtBQxLRWtYT9WN_quiz,,
675a69d88d29359682bcd4ec,zAul5nfVU00dbYUpa36u,with_llm_extended,completed,2025-12-19T20:23:45.958Z,,2025-12-19T20:59:28.084Z,zAul5nfVU00dbYUpa36u_reading,zAul5nfVU00dbYUpa36u_quiz,,
676055d717c5c46b0800f479,hwLRUJJvjmtmAAyDG1Tc,with_llm,completed,2025-12-22T13:11:24.784Z,,2025-12-22T13:37:11.069Z,hwLRUJJvjmtmAAyDG1Tc_reading,hwLRUJJvjmtmAAyDG1Tc_quiz,,
67606c975d33dc79c280063e,RTaaH4OGCnED6dzpokAG,without_llm,completed,2025-12-22T08:59:36.418Z,,2025-12-22T09:31:21.985Z,RTaaH4OGCnED6dzpokAG_reading,RTaaH4OGCnED6dzpokAG_quiz,,
6760b0825ab03ca48d4fb0de,reZkA9vxAq2PJ7p3pFu0,with_llm,completed,2025-12-20T03:23:41.060Z,,2025-12-20T03:56:22.449Z,reZkA9vxAq2PJ7p3pFu0_reading,reZkA9vxAq2PJ7p3pFu0_quiz,,reZkA9vxAq2PJ7p3pFu0_llm
6760f2ed5c7e5d977eb5bd54,7nxDCsad2n4U4f7LkALm,without_llm,completed,2025-12-19T21:44:58.369Z,,2025-12-19T22:22:25.281Z,7nxDCsad2n4U4f7LkALm_reading,7nxDCsad2n4U4f7LkALm_quiz,,
676276312d87ec9601be7d5c,1JXZGra01zb1L983GsyD,without_llm,completed,2025-12-20T03:17:16.073Z,,2025-12-20T04:23:49.642Z,1JXZGra01zb1L983GsyD_reading,1JXZGra01zb1L983GsyD_quiz,,
67657279b0bce380fa33721e,Nn5J3qSmN0LZFKAVKTq5,without_llm,completed,2025-12-22T07:20:31.447Z,,2025-12-22T08:00:23.567Z,Nn5J3qSmN0LZFKAVKTq5_reading,Nn5J3qSmN0LZFKAVKTq5_quiz,,
6765c82c27f3e9e011d0d4d9,cOhEYV7obbJ41srew3O8,with_llm_extended,completed,2025-12-22T10:00:13.486Z,,2025-12-22T10:29:36.458Z,cOhEYV7obbJ41srew3O8_reading,cOhEYV7obbJ41srew3O8_quiz,,cOhEYV7obbJ41srew3O8_llm
676688f10526923c0a526ee4,QquLhfkHe59QXvKK3a2s,without_llm,completed,2025-12-22T23:02:23.860Z,,2025-12-22T23:27:45.995Z,QquLhfkHe59QXvKK3a2s_reading,QquLhfkHe59QXvKK3a2s_quiz,,
67682f4bf87d300e646e7371,0OoVTkpRpb9gW5OAYurU,with_llm,completed,2025-12-20T23:20:27.710Z,,2025-12-20T23:51:18.145Z,0OoVTkpRpb9gW5OAYurU_reading,0OoVTkpRpb9gW5OAYurU_quiz,,
676a2c97280c39f6edfd813e,91JBoNSz7XydyixUvYqF,with_llm_extended,completed,2025-12-20T00:09:54.759Z,,2025-12-20T00:39:50.760Z,91JBoNSz7XydyixUvYqF_reading,91JBoNSz7XydyixUvYqF_quiz,,
676a86716dbe63bed7ae70a0,fIl5VCLOorah7wc79IjW,with_llm_extended,completed,2025-12-22T13:31:17.465Z,,2025-12-22T13:59:44.367Z,fIl5VCLOorah7wc79IjW_reading,fIl5VCLOorah7wc79IjW_quiz,,fIl5VCLOorah7wc79IjW_llm
676aa62900acb7d40e4f03b7,o599cDGJ18PY9u33mzLQ,with_llm,completed,2025-12-23T11:51:22.691Z,,2025-12-23T12:31:28.471Z,o599cDGJ18PY9u33mzLQ_reading,o599cDGJ18PY9u33mzLQ_quiz,,o599cDGJ18PY9u33mzLQ_llm
676d346f257c35fb4c43e63b,duMeWagJ33kWayY5HOAm,with_llm_extended,completed,2025-12-22T21:34:31.600Z,,2025-12-22T22:01:46.213Z,duMeWagJ33kWayY5HOAm_reading,duMeWagJ33kWayY5HOAm_quiz,,duMeWagJ33kWayY5HOAm_llm
676ddbb4543c43071be7605d,IUI1FsdxctCctjUvFX3z,with_llm,completed,2025-12-23T11:17:48.564Z,,2025-12-23T11:53:18.536Z,IUI1FsdxctCctjUvFX3z_reading,IUI1FsdxctCctjUvFX3z_quiz,,
676df4319d4ed64ca5e20cdc,Njt9Nc4kJV2F7Ps6EADc,with_llm,completed,2025-12-22T17:18:36.632Z,,2025-12-22T17:57:12.171Z,Njt9Nc4kJV2F7Ps6EADc_reading,Njt9Nc4kJV2F7Ps6EADc_quiz,,
67701cb8e95b8934348de694,kmvyf72wsvRYrbXSRCjG,with_llm_extended,completed,2025-12-22T05:21:00.368Z,,2025-12-22T05:55:36.229Z,kmvyf72wsvRYrbXSRCjG_reading,kmvyf72wsvRYrbXSRCjG_quiz,,kmvyf72wsvRYrbXSRCjG_llm
6771ff8ec9ba55882b8c525c,PPyFxujjG3llUdhm983U,without_llm,completed,2025-12-20T07:17:25.628Z,,2025-12-20T08:22:18.511Z,PPyFxujjG3llUdhm983U_reading,PPyFxujjG3llUdhm983U_quiz,,
6773d6d84f06b14a316648aa,y5YEB5TtLIfeGAZfZmKm,without_llm,completed,2025-12-23T09:09:12.132Z,,2025-12-23T09:43:25.829Z,y5YEB5TtLIfeGAZfZmKm_reading,y5YEB5TtLIfeGAZfZmKm_quiz,,
6773d9880060f6cfd67eca9b,f2EaFuOFh5fQXwdiEaUx,with_llm_extended,completed,2025-12-22T13:58:53.042Z,,2025-12-22T14:27:38.974Z,f2EaFuOFh5fQXwdiEaUx_reading,f2EaFuOFh5fQXwdiEaUx_quiz,,
6773ea482c488f0e35bd7b5c,rikDrrsqDCDVl2fyJaQX,with_llm,completed,2025-12-22T14:01:39.665Z,,2025-12-22T14:35:54.231Z,rikDrrsqDCDVl2fyJaQX_reading,rikDrrsqDCDVl2fyJaQX_quiz,,
6775d2dc10021f9d74ab65aa,vEGFKncr2m4VY7rcOQcg,with_llm,completed,2025-12-22T14:43:04.064Z,,2025-12-22T15:18:45.426Z,vEGFKncr2m4VY7rcOQcg_reading,vEGFKncr2m4VY7rcOQcg_quiz,,vEGFKncr2m4VY7rcOQcg_llm
67767fa1109a4fa47a64748d,XJXBaNxPYxQtojedSILR,without_llm,completed,2025-12-23T00:39:00.738Z,,2025-12-23T01:22:18.168Z,XJXBaNxPYxQtojedSILR_reading,XJXBaNxPYxQtojedSILR_quiz,,
6776c927f9dc484f730bf614,gTBQqu3NwWwyK8X867N1,with_llm_extended,completed,2025-12-22T07:29:39.986Z,,2025-12-22T08:10:02.102Z,gTBQqu3NwWwyK8X867N1_reading,gTBQqu3NwWwyK8X867N1_quiz,,
67781ffd92663e6f547722fd,xtcgr3JI4ZEzqbLkfTeE,with_llm,completed,2025-12-22T13:22:39.157Z,,2025-12-22T13:57:10.197Z,xtcgr3JI4ZEzqbLkfTeE_reading,xtcgr3JI4ZEzqbLkfTeE_quiz,,
6779c8fd10ec19bf89b5f9d8,9XetjeoSenaRnLl5ymQu,without_llm,completed,2025-12-22T09:34:11.582Z,,2025-12-22T10:08:47.380Z,9XetjeoSenaRnLl5ymQu_reading,9XetjeoSenaRnLl5ymQu_quiz,,
677cb7bf838dfe3cab0a0bac,jsdSA70m5p0djFd2szsG,with_llm_extended,completed,2025-12-20T00:57:31.903Z,,2025-12-20T01:25:38.498Z,jsdSA70m5p0djFd2szsG_reading,jsdSA70m5p0djFd2szsG_quiz,,jsdSA70m5p0djFd2szsG_llm
677e66aeda5ddb35145c52eb,cShAYleSwiosLpWn3Arw,without_llm,completed,2025-12-22T04:59:55.861Z,,2025-12-22T05:32:06.632Z,cShAYleSwiosLpWn3Arw_reading,cShAYleSwiosLpWn3Arw_quiz,,
677edcc906221d9231bd83d7,5hMKGAtJV60gWywdkVFn,with_llm,completed,2025-12-20T07:27:29.945Z,,2025-12-20T08:00:47.095Z,5hMKGAtJV60gWywdkVFn_reading,5hMKGAtJV60gWywdkVFn_quiz,,
67803a05b60a2727e9fa85b4,vTRC3V5QmDGiy5xyYcuf,with_llm,completed,2025-12-20T00:40:16.888Z,,2025-12-20T01:10:01.674Z,vTRC3V5QmDGiy5xyYcuf_reading,vTRC3V5QmDGiy5xyYcuf_quiz,,vTRC3V5QmDGiy5xyYcuf_llm
6784cd4c648d7fe55ab2ff24,AO7vu03lLJOaFlix2W7W,without_llm,completed,2025-12-19T22:41:30.036Z,,2025-12-19T23:19:40.354Z,AO7vu03lLJOaFlix2W7W_reading,AO7vu03lLJOaFlix2W7W_quiz,,
6786d7955dfbf40eae7ed3d9,V270sYsAo6VccSZwdn47,without_llm,completed,2025-12-22T07:25:09.682Z,,2025-12-22T08:00:08.337Z,V270sYsAo6VccSZwdn47_reading,V270sYsAo6VccSZwdn47_quiz,,
678850e350af39b7032dd102,HvVTCjwKsAkSuyrRLs2S,without_llm,completed,2025-12-19T19:13:25.665Z,,2025-12-19T19:50:26.261Z,HvVTCjwKsAkSuyrRLs2S_reading,HvVTCjwKsAkSuyrRLs2S_quiz,,
678951eaacd3135a38c86ec9,bhwmM4fAfbMOm0FBhbOc,without_llm,completed,2025-12-21T10:39:16.673Z,,2025-12-21T11:14:18.008Z,bhwmM4fAfbMOm0FBhbOc_reading,bhwmM4fAfbMOm0FBhbOc_quiz,,
67895c8702d2c30bde3af96c,Bj1hgRwrOPIcDo8RCYnJ,with_llm_extended,completed,2025-12-23T08:27:13.279Z,,2025-12-23T09:01:30.485Z,Bj1hgRwrOPIcDo8RCYnJ_reading,Bj1hgRwrOPIcDo8RCYnJ_quiz,,Bj1hgRwrOPIcDo8RCYnJ_llm
678b8b6f4d1425ef3b30bd32,FxLXSfgHk63ekpllvaPX,without_llm,completed,2025-12-22T17:08:21.949Z,,2025-12-22T17:46:20.167Z,FxLXSfgHk63ekpllvaPX_reading,FxLXSfgHk63ekpllvaPX_quiz,,
678f46cd0f21903076471f34,rQzSxlfMCL9HFZ0ovOyH,with_llm,completed,2025-12-21T21:20:15.544Z,,2025-12-21T21:52:50.796Z,rQzSxlfMCL9HFZ0ovOyH_reading,rQzSxlfMCL9HFZ0ovOyH_quiz,,
67a42f4cbca316730e66e3d8,VhDrqLHGbdJaX2lWmuEx,without_llm,completed,2025-12-21T20:02:44.044Z,,2025-12-21T20:35:45.887Z,VhDrqLHGbdJaX2lWmuEx_reading,VhDrqLHGbdJaX2lWmuEx_quiz,,
67a54503a9d38ce3140394eb,nCWbOOz8Wai8iS6aJ10q,with_llm,completed,2025-12-22T15:43:57.229Z,,2025-12-22T16:16:03.527Z,nCWbOOz8Wai8iS6aJ10q_reading,nCWbOOz8Wai8iS6aJ10q_quiz,,nCWbOOz8Wai8iS6aJ10q_llm
67ab5b2e65c4823c805570d4,tiUhHZB6spOO4517y3JP,without_llm,completed,2025-12-19T20:57:46.067Z,,2025-12-19T21:40:31.399Z,tiUhHZB6spOO4517y3JP_reading,tiUhHZB6spOO4517y3JP_quiz,,
67ad2a2a71895bd3ece87c4d,aZ93qiCYwa8LPFELiUVR,without_llm,completed,2025-12-22T08:23:54.536Z,,2025-12-22T09:05:39.623Z,aZ93qiCYwa8LPFELiUVR_reading,aZ93qiCYwa8LPFELiUVR_quiz,,
67bc827bda4f8e3244e03c7a,rntSNbheN3YYodbxUZls,with_llm_extended,completed,2025-12-22T07:58:27.200Z,,2025-12-22T08:28:32.537Z,rntSNbheN3YYodbxUZls_reading,rntSNbheN3YYodbxUZls_quiz,,rntSNbheN3YYodbxUZls_llm
67c03df83a4809152545cabd,ooXFsSRCrikOU1OpO6jr,without_llm,completed,2025-12-22T03:04:27.098Z,,2025-12-22T03:47:49.507Z,ooXFsSRCrikOU1OpO6jr_reading,ooXFsSRCrikOU1OpO6jr_quiz,,
67c4cf035a34c6ef254906e2,rjtOs4RpBoUQIrpmQPcw,with_llm,completed,2025-12-22T09:41:38.813Z,,2025-12-22T10:22:25.708Z,rjtOs4RpBoUQIrpmQPcw_reading,rjtOs4RpBoUQIrpmQPcw_quiz,,
67cb40e5562e803bd6532a64,UUhR0FbQb4iEdB6UIKId,with_llm_extended,completed,2025-12-20T02:30:20.949Z,,2025-12-20T03:05:41.378Z,UUhR0FbQb4iEdB6UIKId_reading,UUhR0FbQb4iEdB6UIKId_quiz,,
67d443ba0bb671a8f2a938a7,YR09eZzcmylRbTIUZiiA,with_llm,completed,2025-12-22T09:26:59.576Z,,2025-12-22T10:17:39.256Z,YR09eZzcmylRbTIUZiiA_reading,YR09eZzcmylRbTIUZiiA_quiz,,YR09eZzcmylRbTIUZiiA_llm
67d97337faf4d981fef4baed,5KEpz5S0K9USZ6m5hPho,with_llm_extended,completed,2025-12-21T12:46:48.419Z,,2025-12-21T13:20:18.865Z,5KEpz5S0K9USZ6m5hPho_reading,5KEpz5S0K9USZ6m5hPho_quiz,,
67e43d3171f3338caa047245,TF70dxGQvRBy9zNSiEEE,with_llm_extended,completed,2025-12-22T08:58:35.491Z,,2025-12-22T09:24:39.462Z,TF70dxGQvRBy9zNSiEEE_reading,TF70dxGQvRBy9zNSiEEE_quiz,,TF70dxGQvRBy9zNSiEEE_llm
67e80fd6ef19882569cf49d3,zul7BS6UVOjxLv04IpEV,with_llm,completed,2025-12-19T19:42:30.404Z,,2025-12-19T20:14:56.819Z,zul7BS6UVOjxLv04IpEV_reading,zul7BS6UVOjxLv04IpEV_quiz,,zul7BS6UVOjxLv04IpEV_llm
67ee45a8f90e9989ba22c24a,SiLKhIfXBiGUDmi0DBaB,without_llm,completed,2025-12-20T01:12:52.937Z,,2025-12-20T01:55:18.766Z,SiLKhIfXBiGUDmi0DBaB_reading,SiLKhIfXBiGUDmi0DBaB_quiz,,
67f0440c8c9c5d41005a7beb,YT3i3gAP1WLRNTYQOb6j,with_llm,completed,2025-12-21T23:48:25.583Z,,2025-12-22T00:19:55.380Z,YT3i3gAP1WLRNTYQOb6j_reading,YT3i3gAP1WLRNTYQOb6j_quiz,,
67fc2265467c0ab6f8114ce2,WMT5DoIlhzKjKnM7DIle,without_llm,completed,2025-12-22T06:40:05.610Z,,2025-12-22T07:21:36.340Z,WMT5DoIlhzKjKnM7DIle_reading,WMT5DoIlhzKjKnM7DIle_quiz,,
68379f3fafa634a21d761586,BQITsy3EEbsTjEhS1E49,without_llm,completed,2025-12-19T21:11:53.811Z,,2025-12-19T21:42:39.542Z,BQITsy3EEbsTjEhS1E49_reading,BQITsy3EEbsTjEhS1E49_quiz,,
68729361bee62f6a3fb232ec,hbUDZxQfijMpQuAd1OCr,with_llm,completed,2025-12-22T10:48:19.387Z,,2025-12-22T11:22:19.476Z,hbUDZxQfijMpQuAd1OCr_reading,hbUDZxQfijMpQuAd1OCr_quiz,,hbUDZxQfijMpQuAd1OCr_llm
6888f9158ab561d6bbcf7466,gOR9nNNgKOlxU5uT7kBk,with_llm_extended,completed,2025-12-22T11:13:08.739Z,,2025-12-22T11:40:34.097Z,gOR9nNNgKOlxU5uT7kBk_reading,gOR9nNNgKOlxU5uT7kBk_quiz,,gOR9nNNgKOlxU5uT7kBk_llm
68964d2d26b7f42954329beb,yxMHXCvgbmWEWWowNBGT,without_llm,completed,2025-12-23T10:51:40.488Z,,2025-12-23T11:23:33.679Z,yxMHXCvgbmWEWWowNBGT_reading,yxMHXCvgbmWEWWowNBGT_quiz,,
691e376dcd6e82882b5f5a3f,DiW5Pw5XfC85TnG2M0V3,with_llm,completed,2025-12-21T19:49:12.331Z,,2025-12-21T20:22:30.350Z,DiW5Pw5XfC85TnG2M0V3_reading,DiW5Pw5XfC85TnG2M0V3_quiz,,
692632a21e521046ef338590,W1SBmO6MrR4UR9BC4HCW,without_llm,completed,2025-12-21T06:01:25.255Z,,2025-12-21T06:31:10.611Z,W1SBmO6MrR4UR9BC4HCW_reading,W1SBmO6MrR4UR9BC4HCW_quiz,,
692c55a22b643604a1e5b2b7,XwWZCGyQQSeFkocDmgmk,with_llm_extended,completed,2025-12-19T19:22:07.426Z,,2025-12-19T19:50:03.559Z,XwWZCGyQQSeFkocDmgmk_reading,XwWZCGyQQSeFkocDmgmk_quiz,,
693aef92856f8d2a01f593f7,ufRqfNVBvdoZYtHNEnX4,without_llm,completed,2025-12-20T00:20:42.357Z,,2025-12-20T00:48:42.029Z,ufRqfNVBvdoZYtHNEnX4_reading,ufRqfNVBvdoZYtHNEnX4_quiz,,
6941548fbd8b79fcf75cacc7,PyQSFYRACnmZ327LJ3Sf,with_llm,completed,2025-12-21T02:40:00.399Z,,2025-12-21T03:11:49.763Z,PyQSFYRACnmZ327LJ3Sf_reading,PyQSFYRACnmZ327LJ3Sf_quiz,,PyQSFYRACnmZ327LJ3Sf_llm
69416d053e537e4d1c275a3f,7RIAuUfQAT59acqQSzIw,without_llm,completed,2025-12-21T19:18:01.318Z,,2025-12-21T19:46:18.170Z,7RIAuUfQAT59acqQSzIw_reading,7RIAuUfQAT59acqQSzIw_quiz,,
69416d24e3dadef069de4f83,ShJc9mrZWHRzh5UgjDOd,without_llm,completed,2025-12-21T18:10:10.632Z,,2025-12-21T18:38:13.342Z,ShJc9mrZWHRzh5UgjDOd_reading,ShJc9mrZWHRzh5UgjDOd_quiz,,
69416e7b2145d97eb0f931cb,t4xpjqvuAis39d4xafV7,without_llm,completed,2025-12-21T17:05:10.648Z,,2025-12-21T18:33:40.237Z,t4xpjqvuAis39d4xafV7_reading,t4xpjqvuAis39d4xafV7_quiz,,
69417dc7901519e2a9fb47a9,ljem8kmG3T6tEAvHjp6z,with_llm,completed,2025-12-21T13:30:45.747Z,,2025-12-21T14:12:38.050Z,ljem8kmG3T6tEAvHjp6z_reading,ljem8kmG3T6tEAvHjp6z_quiz,,
6942d12e93e20e19d2db3d33,SJdrosRtMQopXnAP45ya,with_llm_extended,completed,2025-12-21T17:29:29.890Z,,2025-12-21T17:57:24.089Z,SJdrosRtMQopXnAP45ya_reading,SJdrosRtMQopXnAP45ya_quiz,,SJdrosRtMQopXnAP45ya_llm
69438d3b4d5b93c9428698fc,JYDRJJZw4WrXh6vArdzT,with_llm_extended,completed,2025-12-21T18:49:48.156Z,,2025-12-21T19:16:06.573Z,JYDRJJZw4WrXh6vArdzT_reading,JYDRJJZw4WrXh6vArdzT_quiz,,JYDRJJZw4WrXh6vArdzT_llm
6943e48fc43c953025c04e37,jOEnCNt6tSr6hs6aDrmV,with_llm_extended,completed,2025-12-21T14:48:37.073Z,,2025-12-21T15:23:26.267Z,jOEnCNt6tSr6hs6aDrmV_reading,jOEnCNt6tSr6hs6aDrmV_quiz,,
694431339a077d45591b4e21,cFMu8VQzrjVRczEI1AAE,with_llm_extended,completed,2025-12-20T22:36:44.919Z,,2025-12-20T23:14:10.876Z,cFMu8VQzrjVRczEI1AAE_reading,cFMu8VQzrjVRczEI1AAE_quiz,,cFMu8VQzrjVRczEI1AAE_llm
6944bbd7ad3276bb1858ede4,AyLOp2ODV5x4FePqZTHC,without_llm,completed,2025-12-22T00:00:09.410Z,,2025-12-22T00:27:49.240Z,AyLOp2ODV5x4FePqZTHC_reading,AyLOp2ODV5x4FePqZTHC_quiz,,
694555b4beadda60a5901ec0,rjW7eqqZYDMen6bQAysY,without_llm,completed,2025-12-19T18:35:50.970Z,,2025-12-19T19:05:13.292Z,rjW7eqqZYDMen6bQAysY_reading,rjW7eqqZYDMen6bQAysY_quiz,,
6945d3294c8cf5eefa76293a,vKRUqjLDIc2Ko35I79BS,with_llm_extended,completed,2025-12-21T16:49:10.794Z,,2025-12-21T17:20:11.444Z,vKRUqjLDIc2Ko35I79BS_reading,vKRUqjLDIc2Ko35I79BS_quiz,,vKRUqjLDIc2Ko35I79BS_llm
6945f1dfce339124a8978f18,lYTroD6T6pRDE24psFlC,with_llm,completed,2025-12-20T23:55:09.105Z,,2025-12-21T00:27:57.662Z,lYTroD6T6pRDE24psFlC_reading,lYTroD6T6pRDE24psFlC_quiz,,
65b8b2bf8b3905b0efcb0fd3,qkIhuXZUZ1BhWPjhoECv,with_llm_extended,completed,2025-12-19T13:52:12.731Z,,2025-12-19T14:32:53.426Z,qkIhuXZUZ1BhWPjhoECv_reading,qkIhuXZUZ1BhWPjhoECv_quiz,,qkIhuXZUZ1BhWPjhoECv_llm
