participantId,experimentId,createdAt,completedAt,country
5537b204fdf99b51eefed679,5KDdz1P54XXss53O8N2e,2025-12-22T10:26:13.081Z,2025-12-22T11:07:18.589Z,UK
5648e4bf20453f0012c5ad3a,JLMJnVsaQtUelZo1V6cr,2025-12-23T11:21:36.468Z,2025-12-23T12:09:30.622Z,UK
5752e09ecd7e970007bd76df,o6sKo0BAvvbbc4VFMDbo,2025-12-22T10:43:06.445Z,2025-12-22T11:16:13.902Z,UK
5805db219ff6120001a135a2,xWKQl56xQiefk0Xxt7V6,2025-12-23T09:08:34.048Z,2025-12-23T09:42:57.552Z,UK
594dd3de0dd7710001aeb5e9,LpG8YZGE1WWLWQEeosfW,2025-12-23T11:38:51.600Z,2025-12-23T12:06:47.951Z,UK
59b15324e79873000148879d,nTab7jOzRHjolAQjq9h7,2025-12-22T21:46:48.186Z,2025-12-22T22:21:55.676Z,UK
59dbd41ac0d35a0001294aa0,jCBKV3EamMMO3Czt2vWS,2025-12-22T13:47:08.689Z,2025-12-22T14:26:17.384Z,UK
5a068d5b074b190001251791,Wv5EruGYDP0p9jtKO33l,2025-12-19T19:00:25.449Z,2025-12-19T19:28:08.565Z,US
5a7f22ec0f1bce000121ef95,GGrIPEYz74MBx1bbEWXt,2025-12-22T09:22:34.283Z,2025-12-22T09:51:42.153Z,UK
5ade558c066c510001d43615,1odnJgCRuwmc886z6Jva,2025-12-22T07:51:10.503Z,2025-12-22T08:18:54.030Z,UK
5aeb5c9f0f8859000190a19b,wQFIEdjp0lIUQ2f8DRcH,2025-12-22T12:04:05.944Z,2025-12-22T12:34:01.824Z,UK
5b490bd59afec90001009679,csTlf2981LtcpzE2heGv,2025-12-23T07:11:12.909Z,2025-12-23T07:38:56.151Z,UK
5ba937d53c7a050001992e80,irynvOnl02CL1jqbROjF,2025-12-22T10:09:29.380Z,2025-12-22T10:40:51.063Z,UK
5be742dd0e366e000175c8ba,71Zltxc5R2hi5iLHJlCe,2025-12-22T17:49:23.960Z,2025-12-22T18:18:41.279Z,UK
5bffcca24f73310001c5597a,kEfUmFTlshuKekkytl9k,2025-12-23T10:48:11.633Z,2025-12-23T11:25:46.805Z,UK
5c4277ac1242910001bdbf1a,E6q3NXOWu8Pi6ThLaA8U,2025-12-19T22:41:22.067Z,2025-12-19T23:06:57.281Z,US
5c509487172b6c0001779b34,7PzgmGQT1E6rL3cSujpR,2025-12-22T12:16:58.834Z,2025-12-22T12:44:05.477Z,UK
5c86d5a58085800016135bd2,S7zaq6LMWGcLOfiTdxYa,2025-12-22T13:50:17.877Z,2025-12-22T14:28:16.786Z,UK
5ca62a239ffcce0001036b6b,fgtNvJcdmFDcy2mXVxJS,2025-12-22T11:47:16.709Z,2025-12-22T12:14:48.431Z,UK
5cd4ad19f014930017d35d6a,h1ujA85ksEDNldOgpihQ,2025-12-22T10:29:36.705Z,2025-12-22T11:05:45.202Z,UK
5cdd11ab4ea13d0001a5c036,Zf4gbNKA4bWgvFtVcino,2025-12-22T15:26:44.848Z,2025-12-22T16:03:10.167Z,UK
5cde02d000d670000184ea3b,xkB7yNDPV8izBOyVepVK,2025-12-20T22:19:41.315Z,2025-12-20T22:55:59.212Z,US
5d09edb73d40080001655677,YEkRsyRuKQYfcAMN1YEZ,2025-12-22T15:01:31.317Z,2025-12-22T15:38:04.473Z,UK
5d67ed161976cc0019cc8a10,Ih7tdA6qZrd7T4M6YP6k,2025-12-22T07:59:35.319Z,2025-12-22T08:49:55.962Z,UK
5d94ce7b72b4550016906484,dDdGEGVKBtdWookJEkg8,2025-12-22T08:53:42.410Z,2025-12-22T09:34:52.435Z,UK
5d9b7c7efaa2860364b16476,NpggUHSCfGD0L17YoCDF,2025-12-19T20:22:58.142Z,2025-12-19T20:51:20.972Z,US
5d9cb58ee8783f0019c8bd06,FBf7zX7qdgQVYScqFw5A,2025-12-19T22:50:17.617Z,2025-12-19T23:30:48.613Z,US
5da78f61a60c0d0017d6ed89,foGpA2pxSBu3daJJxMfx,2025-12-22T21:36:09.522Z,2025-12-22T22:07:17.793Z,UK
5dcf14459595a105c52cd304,eEgicFZryM2qwheeB8eS,2025-12-22T09:42:00.397Z,2025-12-22T10:12:15.999Z,UK
5dd9a7ff98981d926df9ea18,ojTh9UyW1Th8mezo0FCS,2025-12-22T06:08:04.982Z,2025-12-22T06:37:08.067Z,UK
5e1f06e67a9ded238481246e,kzOTLQe4Yc3fqXTmNWWO,2025-12-23T11:09:12.876Z,2025-12-23T12:07:07.234Z,UK
5e299d8c2e9dc4000be0fde0,XL4wVgjnJj7j6UKbTmba,2025-12-22T12:29:52.949Z,2025-12-22T13:02:13.670Z,UK
5e3c29ac4c3831000c5bdb68,mg8QWlX06oYDKZNeRoeN,2025-12-23T10:54:34.172Z,2025-12-23T11:39:45.308Z,UK
5e6155e6f169c0046b6d6518,ew0Oi3X4BB6UNYa4GUKE,2025-12-21T14:41:19.839Z,2025-12-21T15:18:10.574Z,US
5e64da5ac34e832466061bf8,GdJwiwyTaSBT2HItDAPp,2025-12-22T12:23:14.718Z,2025-12-22T12:49:25.441Z,UK
5e6e6497d33339419afd90f9,oeqjHjqWfisY0QbOLLJr,2025-12-22T10:16:27.371Z,2025-12-22T10:49:43.042Z,UK
5e7ca836a60b642ec70880b1,O1vwITchcMOre9N357JN,2025-12-22T19:26:25.758Z,2025-12-22T20:21:00.956Z,UK
5e7dd5b90923ad0009f80bbc,e8GmJ0XvFC9gwL9pJiQ0,2025-12-22T11:39:53.899Z,2025-12-22T12:09:46.929Z,UK
5e8307bae3b23d01d2259e4c,QgJYPhvOEOMISCOj5dIJ,2025-12-22T06:44:37.344Z,2025-12-22T07:18:58.344Z,UK
5e83425144753905a3a17ad8,S0RsN8X0DUDMEDyIhgQU,2025-12-22T10:16:08.840Z,2025-12-22T10:57:44.044Z,UK
5e999a581e025f1cfd5e7090,ZcGlYrnGNXwVDg4CGitT,2025-12-22T12:39:01.662Z,2025-12-22T13:10:11.177Z,UK
5ea9cc9195f36c126a27d0a7,X5JJzlgugqu87nJAyj34,2025-12-22T08:49:30.609Z,2025-12-22T09:25:04.320Z,UK
5eb7c006b839846ea7a24178,ASH0R0O6bfOtJuGTcX0n,2025-12-20T12:17:07.177Z,2025-12-20T12:53:59.020Z,US
5f0e1fecdc728111e1f7d093,Dd13CgWILpfxSs7fhRUU,2025-12-22T02:07:41.762Z,2025-12-22T02:50:16.196Z,UK
5f42a27e49962e4a7045a7b0,P2BIsTYbNf5vbwlbjL57,2025-12-22T16:34:26.564Z,2025-12-22T17:03:46.621Z,UK
5f4ae7cb6b68b56c2acb12c8,156ITSNqPsuY5IfL2Zbo,2025-12-19T18:55:25.021Z,2025-12-19T19:31:55.722Z,US
5f6e76757befe43b22307387,u70agQP99KnkPaoXG1qq,2025-12-22T22:42:14.692Z,2025-12-22T23:18:28.912Z,UK
5f95e7c5e49c564a01f040aa,y32v6LefUczxAxklLE6I,2025-12-20T00:41:39.979Z,2025-12-20T02:25:18.060Z,US
5ff454f2f0b5ed607169fba6,ZXLJBbZzYuR2Oi9BJy1u,2025-12-22T05:00:36.325Z,2025-12-22T05:39:49.544Z,UK
601ac0440ae554365a73246b,kId0faSYfh5slBl0AKmj,2025-12-22T11:02:40.682Z,2025-12-22T11:45:51.713Z,UK
60673bc6496cefa66a61e737,RFahYgKlNHbvtaFtHVTs,2025-12-22T10:56:02.883Z,2025-12-22T11:26:15.959Z,UK
60c75879fdf6194f658272fb,qweek1z4Gu2iADeA5hv4,2025-12-21T22:23:36.449Z,2025-12-21T22:57:07.980Z,US
60d4558116de644bde568dde,vTCrmhwefckTiCdKvtio,2025-12-22T12:28:07.184Z,2025-12-22T13:02:36.395Z,UK
60d52a5dca16f851ab8b9b82,67hH5FJTOIvt2xZHtxYM,2025-12-21T08:48:53.244Z,2025-12-21T09:20:44.704Z,US
60e308bd29d04d6d790aa1ad,kDgqQJ4MDV4y1ZTUKWiC,2025-12-22T02:58:20.692Z,2025-12-22T03:34:57.187Z,UK
6102053795bd9b55ab979a48,WnEvPvpbBJWCZgHpuuuy,2025-12-20T08:24:17.923Z,2025-12-20T09:33:25.785Z,US
612198f856c9f4f2f02f7046,y2zrjoUagyQO9jEe8n51,2025-12-22T19:43:11.416Z,2025-12-22T20:11:55.276Z,UK
6127b32b912465823dca1e4b,vz0aPGGhYKUPyQpfooeV,2025-12-22T15:39:59.381Z,2025-12-22T16:24:26.503Z,UK
613c927a3da2129cd285ef58,MQVax2V9muMfzH4Tg8SC,2025-12-22T17:57:45.359Z,2025-12-22T18:38:51.780Z,UK
614a0facaa13498cff401c41,Oj47qnEa4iAXshwTn3RM,2025-12-23T11:38:16.700Z,2025-12-23T12:05:25.527Z,UK
614f7550e1d2a29137820173,dry6JzxvzpEqrjbnnGdK,2025-12-21T08:28:08.559Z,2025-12-21T09:06:36.179Z,US
61680035775d6be6c3034464,ncf6ilL8CQKsJLeZMTFz,2025-12-22T08:08:20.419Z,2025-12-22T08:36:42.580Z,UK
61684f48083b66cd4a37dfbb,zk0nOaly2dhW3rDDpsw5,2025-12-22T16:23:56.482Z,2025-12-22T16:56:04.533Z,UK
62a2042e8813ab2f55d8ecf9,PfC33ZKbVQyZDbOQepeh,2025-12-23T09:00:52.475Z,2025-12-23T09:42:45.182Z,UK
62b354926116305375200028,6UYVTtPZqDH6AP8RNSuY,2025-12-23T05:16:56.395Z,2025-12-23T05:41:12.044Z,UK
62b437a2dbff0b6b3d0121e4,jpEcNpSm8ZAdmS989pQN,2025-12-22T08:35:18.959Z,2025-12-22T09:05:49.038Z,UK
62da6a553aaca6fffb50307f,mHnkYhaXr6bBMqvmRGcQ,2025-12-22T14:10:22.675Z,2025-12-22T14:45:04.571Z,UK
62e2f4973427f0ab91180361,hMzsckNLTyWW1fQrjXRG,2025-12-22T07:44:10.261Z,2025-12-22T08:14:34.674Z,UK
6318e2c61780455450fe4199,BNv5foLXnGjmF5uYKaGW,2025-12-22T22:15:08.571Z,2025-12-22T22:49:21.937Z,UK
6328ea8c44e1e6f7180facd3,9BZpW6VaVHF93eG70y7E,2025-12-22T02:10:33.222Z,2025-12-22T02:42:21.095Z,UK
634d7fd5face88069f7ff6ff,HHz8obSjzbypCTIQVl5J,2025-12-22T13:23:37.512Z,2025-12-22T13:50:25.803Z,UK
6384fc5695a4edef691103c0,NhuzFczfMTaBt66x6OnX,2025-12-22T06:56:42.839Z,2025-12-22T07:28:56.802Z,UK
63cedf5f87024f8b1ad1023f,b7OQw9HRrSwTFOsqKfpc,2025-12-22T11:15:04.160Z,2025-12-22T14:48:38.451Z,UK
63cfefc43323e05d2a6f554b,Q6xKfZPf86n53gCl66NO,2025-12-22T20:49:54.584Z,2025-12-22T21:24:45.046Z,UK
63d023f75eaafe675b6fa5fd,mYlzaViboWqSYi3CP0Xw,2025-12-20T05:38:11.158Z,2025-12-20T06:18:25.932Z,US
63d1b1192b2b6d76dae50c06,axya34s1FGIXez3ctZNI,2025-12-22T16:28:20.472Z,2025-12-22T16:52:57.380Z,UK
63d2d8388a367c258ca82590,vpzQL2hC3ErSmTUaK24q,2025-12-22T19:52:25.920Z,2025-12-22T20:30:56.703Z,UK
63d3fd5916541b5031bd4a3f,OMkeCIiMn7SXdm6J1crH,2025-12-22T13:52:16.240Z,2025-12-22T14:31:50.748Z,UK
63efe25e481b721d4bcd9639,1nvkf83KHLzjAgNl48r4,2025-12-23T12:28:53.893Z,2025-12-23T12:58:40.154Z,UK
63fc7ac4c0ba10b71a25a63d,J4GbA94CHaaWdcQ0NXaS,2025-12-22T07:27:14.121Z,2025-12-22T07:56:49.084Z,UK
64012ee6e3f2e59aaa36f718,pASsyWL7BeU8d2LHylSm,2025-12-19T19:39:24.037Z,2025-12-19T20:10:39.438Z,US
640349ae900739316aca0f9f,EN5BvdroxpPwpTiEm7rh,2025-12-22T12:30:23.390Z,2025-12-22T13:04:28.677Z,UK
644695d12dd99a1712dd84c0,RKN3czQkvNUU5ttarWYh,2025-12-19T22:00:12.901Z,2025-12-19T22:31:15.406Z,US
64481bca476d6bfbae2066e2,f1OPhn14k8F7rGD1L8mJ,2025-12-22T06:35:29.060Z,2025-12-22T07:32:19.528Z,UK
651d623cbdcb675cb801bc79,x5sYIrMm9w1ys3Jchr1i,2025-12-20T23:13:47.452Z,2025-12-20T23:42:54.860Z,US
65216075939674db7a47e7d0,Yfw8NCvirVvm32ZHzZiJ,2025-12-21T02:45:07.529Z,2025-12-21T03:16:27.010Z,US
653927811b00d4a0036cb7ab,3EZ8IRrVZzpDroqLAJlG,2025-12-22T11:07:23.872Z,2025-12-22T11:40:19.830Z,UK
653ab786a5162b73aac38bc9,78C8AQfG2rCDiUEmjyok,2025-12-22T11:14:34.484Z,2025-12-22T11:54:12.444Z,UK
654142b51c0cbebefa6f3ea0,ZIbsiXSnfrbUrBEYgzsh,2025-12-19T21:11:27.366Z,2025-12-19T21:40:36.182Z,US
654a56ff9b8baf6c84eb9b69,17dMdN4BxHTnNsbKRHsN,2025-12-22T23:09:06.854Z,2025-12-22T23:42:25.009Z,UK
65706b89d4c6c32963d258e8,ycSqXvdB3Wbh1iG4ulRd,2025-12-19T21:03:45.375Z,2025-12-19T22:01:28.118Z,US
6598124cb009a156ae665edf,diGtl8DflcDIUP6aKG6k,2025-12-22T08:12:03.455Z,2025-12-22T08:52:18.457Z,UK
659d4aadab2eb6b7a8cffb07,iQjS3eOikULjqU5DaPxQ,2025-12-19T21:35:23.846Z,2025-12-19T22:20:41.382Z,US
659d6ca29e5500da27f1cb5b,AOTDLxmpLc9JVxY8GHjR,2025-12-22T19:58:38.326Z,2025-12-22T20:33:26.558Z,UK
65b65fdfb1aba2f7325fa073,cUjl1d7RaeYwiwbgh0le,2025-12-23T11:47:15.403Z,2025-12-23T12:15:07.101Z,UK
65c637e0e76b878b89b9bae2,ijiQ82QNgphztukQKALV,2025-12-22T09:46:24.623Z,2025-12-22T10:15:37.460Z,UK
65de3af8fcbc6ef9331bd863,LQH1zlNOtNql3tc1rKJr,2025-12-21T04:23:03.563Z,2025-12-21T04:58:20.867Z,US
65ef950203e4e8448c55e54c,FzanR5obi65ML0pmiN1X,2025-12-20T14:24:59.311Z,2025-12-20T15:05:56.815Z,US
65f684e029d7c63f3338aed7,7gZ9bx5MiLPRidM0rULt,2025-12-21T11:09:15.662Z,2025-12-21T11:45:04.089Z,US
660477cf6f52f75e86f4f349,klwqVPzHrDRCRyC91yjv,2025-12-21T20:31:29.559Z,2025-12-21T21:14:59.710Z,US
6604b10d7328536e5d9bb9db,UDYH0mJOXZJQVwFrkPiY,2025-12-20T16:21:49.570Z,2025-12-20T16:57:24.287Z,US
660c022ef20bb20404c76d8f,VRcVN1SABxvfK1dV19bY,2025-12-23T11:22:03.810Z,2025-12-23T11:53:41.316Z,UK
660d7d551f8fb51d01193e78,gbivCtr1F8vLRLJLOjF5,2025-12-22T16:04:02.404Z,2025-12-22T16:32:33.397Z,UK
660eb2ab66db1c0d3fa51a2b,mW4GjvZZDTi9KgI1g3sN,2025-12-22T09:38:33.007Z,2025-12-22T10:04:26.982Z,UK
661149a91b7fad3a3d2caf0c,ppZ8MEFyTyLLnX2q049M,2025-12-22T08:07:00.681Z,2025-12-22T08:47:53.393Z,UK
661dd11d5523e507da514925,9pEKKp4XnWSy6h68Opp9,2025-12-20T02:27:26.247Z,2025-12-20T02:59:47.434Z,US
662266d75f37a6781e7d67d7,0WHsISEsaS1STcn6cMpO,2025-12-22T20:12:21.243Z,2025-12-22T20:42:24.794Z,UK
6629396278644f7ca5e5d017,QAuxkR8S6cpBgH0vKBiq,2025-12-20T17:51:55.408Z,2025-12-20T18:25:55.594Z,US
66293ded22cbde752a3bbee4,3Dn9UAQAJp3WLwhyXna9,2025-12-20T23:49:14.651Z,2025-12-21T00:21:32.579Z,US
66293e1a129d3f87aa344b26,IdPbTYJkkwp2ctPuN4DM,2025-12-21T16:07:01.369Z,2025-12-21T17:02:13.761Z,US
66364f7e853a9e70d8509fc7,vjsKEvqsKL5Du1htlqfU,2025-12-22T08:26:01.579Z,2025-12-22T08:59:00.418Z,UK
66366f1058966314508ed6e4,4lX44NeUgad1zRQ8y5yi,2025-12-20T00:39:16.403Z,2025-12-20T01:19:08.213Z,US
6647187677519b0df9ecb716,1TORDYQm6hZWun8Lk0ND,2025-12-22T08:00:06.724Z,2025-12-22T08:32:10.303Z,UK
66520da15457a5e65d2ec66f,S4r1I1A3vLlJwjkOWCvD,2025-12-22T08:56:54.757Z,2025-12-22T09:27:48.420Z,UK
66572ce80b83b5ae5cb07a0c,qPF4xDAEY7fmNQ3C5iZg,2025-12-22T19:41:43.476Z,2025-12-22T20:12:37.046Z,UK
6658bd6af1e9209af5f89f53,v5GOJ3AZ7Slc18gYf33P,2025-12-22T10:18:13.529Z,2025-12-22T10:52:27.548Z,UK
6658c063dd60f6a0b5dcb002,yZJYQSlPtoPhNnMCjQcF,2025-12-22T14:35:26.893Z,2025-12-22T15:01:37.844Z,UK
6658d234fa019e8f175c83f7,pZ71aohm70hZODjBcHgo,2025-12-22T15:39:37.779Z,2025-12-22T17:01:56.982Z,UK
6659e11957f1717b65111769,4Hfx8HW3BiE2QZbjyyKv,2025-12-22T05:19:37.909Z,2025-12-22T05:51:58.869Z,UK
6659ed0c83328ed788a7cf65,WikHwbscLBQ2dJOUG4Wi,2025-12-22T11:58:19.552Z,2025-12-22T12:36:27.693Z,UK
6659fdc13bceed5a87541da4,pVNJTas3xfkn7L62H2iq,2025-12-22T13:28:14.269Z,2025-12-22T14:01:00.357Z,UK
665a16dd2db5a0dff976ea9b,MgJz3SjVQFLrZ9qBy3MG,2025-12-23T08:31:38.655Z,2025-12-23T09:02:21.052Z,UK
665b5ab06f53305291fbf9cc,8SmOjN3701TXxLnO9FUc,2025-12-22T13:05:19.752Z,2025-12-22T13:39:03.556Z,UK
665ba5fad0a8c603ab8b5242,TyRovBV8w9M5oVUVrKWL,2025-12-22T10:10:42.486Z,2025-12-22T10:55:00.148Z,UK
6660df77324bd52e8dbce2ef,WnVKMwyqdQqyDa42qoAw,2025-12-22T10:06:57.842Z,2025-12-22T10:36:12.293Z,UK
666182516b3e1f1fdb4f345a,6P3lcDBmG3halaneg2Mo,2025-12-22T12:37:19.407Z,2025-12-22T13:50:29.633Z,UK
6665aacb7549bd73950c9e6b,ibzp1IeVJPfTEJTQAMum,2025-12-22T09:42:08.207Z,2025-12-22T10:16:25.455Z,UK
6665e9f9b49082f6458c687d,EX0hNZZwtxvRI6vmyYaH,2025-12-22T13:04:03.488Z,2025-12-22T13:45:33.985Z,UK
666640831e2f8d963f8c528f,iX0kSvMdQQdKsLG8XMFj,2025-12-23T03:58:34.444Z,2025-12-23T04:27:18.913Z,UK
66708fa4dfe022dbed4cae9c,XSJjhwYDnQIcank5ykoA,2025-12-19T19:17:20.735Z,2025-12-19T20:03:47.218Z,US
6671f8979384370db5e1c713,7QgKJYwJNwkwGKenqdUi,2025-12-22T08:08:01.583Z,2025-12-22T08:39:22.853Z,UK
6673705315e1f2006697c6da,mGuOzVm8KqbWThOViKym,2025-12-19T22:34:19.320Z,2025-12-19T23:05:54.775Z,US
6674ae115abf5a938c5e7c3d,7peMOx45sFN8nfSADBwH,2025-12-22T16:20:41.837Z,2025-12-22T17:12:51.073Z,UK
66759b71393cdf8c9276b688,42uFyVa55o8gdhu7cpe7,2025-12-22T09:27:48.801Z,2025-12-22T09:56:18.310Z,UK
667634625cc34d5ac97492bf,o3K0xzzMR94EaSgBur6x,2025-12-20T15:01:45.253Z,2025-12-20T15:34:48.771Z,US
667e3c908dfe54c0973bbe34,ac0hznSEOVZG1Ed4ACuG,2025-12-21T21:32:50.636Z,2025-12-21T22:05:24.257Z,US
66817f4754e17e6ec71a44b0,sjoBEOAqGin9LsOSFdmi,2025-12-20T18:05:06.643Z,2025-12-20T18:31:04.628Z,US
6682c269b9b9b8b8bcdffa07,qbqCPpdPlUXruxS3d5w4,2025-12-20T02:49:11.825Z,2025-12-20T03:24:08.916Z,US
66845d64ef9123bc488e1242,RWdZPCMvhGpyIInBxadB,2025-12-22T08:26:36.495Z,2025-12-22T09:02:57.962Z,UK
66857a5b6efcd1cf07b88707,Call5IOWFdawqkUsZHl8,2025-12-22T13:49:06.758Z,2025-12-22T14:20:45.183Z,UK
66881fbe723bc57d75a2c268,w4h9wyGG6dpS4RtOFSYD,2025-12-20T05:09:29.226Z,2025-12-20T05:44:15.553Z,US
66882d9207bafe4863311ddc,YWnRuHAjmdQVRHGQnetp,2025-12-19T23:12:29.710Z,2025-12-19T23:55:25.380Z,US
668d16ae27f1ad4461650742,PZR0djD5TiDLq9ymyfQp,2025-12-22T10:36:31.394Z,2025-12-22T11:07:40.548Z,UK
668edb3b608a3d4537e2da08,21uiLaXDSBLnJY5nFvfN,2025-12-20T05:13:55.349Z,2025-12-20T05:48:20.180Z,US
668eec6ed561b72c282fc11a,dWD3l9gGAW4TXIAsmFff,2025-12-21T07:44:39.959Z,2025-12-21T08:17:07.948Z,US
669d6e67b980bf3846b82e8f,JePC5loumrAQdo0NVrq7,2025-12-22T18:12:42.977Z,2025-12-22T18:46:07.744Z,UK
669eba3ad8d7d49177bc50d0,ng7KNvlE35yMJEAusAwq,2025-12-22T15:35:52.861Z,2025-12-22T16:06:49.589Z,UK
669f1b414df434c089390389,UbRzyFdXrcTCKn4GHaV9,2025-12-20T04:39:40.946Z,2025-12-20T05:18:11.281Z,US
66a2741b8cc4486c4d2032d9,emZ2kUraFCHPW6u0gyns,2025-12-22T08:57:37.845Z,2025-12-22T09:47:59.671Z,UK
66a819b2c3eb66cffc47e808,Oyx8k1JvCYTIFW7xm6KP,2025-12-19T20:26:44.382Z,2025-12-19T20:56:16.231Z,US
66b2c7262f4631f5eea8e729,ngBXkyeBRlHNbFkeesiU,2025-12-19T20:00:53.855Z,2025-12-19T20:32:55.980Z,US
66b8e8f12fa9160e4ca9f25b,CW9vXkNqFHh2osKM2dah,2025-12-22T18:39:16.172Z,2025-12-22T19:07:15.288Z,UK
66b9a0475a301eacdfb5e608,UMiVvY0HD0lxs0QCclZZ,2025-12-20T02:11:19.446Z,2025-12-20T02:39:53.592Z,US
66ba2139a67c5c99778a6766,zfhO001baQTcxlyTHgzj,2025-12-19T21:07:05.255Z,2025-12-19T21:38:43.874Z,US
66bd73db3481a3d17695c23e,o9t9sL52P5aU35AlvZE6,2025-12-20T04:59:42.189Z,2025-12-20T05:53:27.611Z,US
66be213d651dff72ff117b7d,7wrHj1gkxe7BpoTOuJ2w,2025-12-22T20:30:13.368Z,2025-12-22T20:58:08.428Z,UK
66beb7a1951f8a18b03cd9c5,rFQRovjOT3N5qky91a6R,2025-12-19T19:29:56.053Z,2025-12-19T20:06:12.969Z,US
66bfe5ecc23f1e2109f144d6,AUrGoBvvveLCZnuhHMJG,2025-12-21T04:22:08.850Z,2025-12-21T04:54:57.050Z,US
66c33e386baa1ae990d7165d,HWh0JMtDFiICelV1rxbS,2025-12-22T12:00:09.107Z,2025-12-22T12:36:18.679Z,UK
66c344f0ca88e523ebbc35a2,MmueIydpYgOORBkBA329,2025-12-22T11:55:28.760Z,2025-12-22T12:28:03.191Z,UK
66c36df59f1061046b7ea01b,lOZOCeBUTY7wNFO8eQyi,2025-12-21T22:58:37.819Z,2025-12-21T23:31:35.820Z,US
66c6b37d82e002e73e1fbd2d,rbt2TAYPVAL1KzSaaeot,2025-12-21T01:32:51.082Z,2025-12-21T02:11:09.356Z,US
66c8842e8667d7d2dd040001,u68zJKU19oT5fF4K751O,2025-12-20T15:05:34.352Z,2025-12-20T15:31:49.893Z,US
66c8ee23967e42b053411eee,SKYpbK9AAxArWSCnEPgU,2025-12-23T08:34:26.397Z,2025-12-23T09:10:32.416Z,UK
66cc4546f9e3a25d2adc51c8,jVQd3EWqeZ72jHmHzR69,2025-12-22T09:27:05.611Z,2025-12-22T09:55:04.564Z,UK
66cdf006dc37b68c08c84ac5,8oGYYKjEy5AT1fjaEV81,2025-12-22T19:43:19.450Z,2025-12-22T20:23:28.473Z,UK
66d470efae87ffb63c6ee75b,XvZ9q1Q26oPEUZczfwn1,2025-12-23T09:29:34.386Z,2025-12-23T10:04:25.207Z,UK
66d753769fda18f114e0e534,Rsq1UrIhWjscgFV84Bwh,2025-12-22T12:28:53.690Z,2025-12-22T12:59:25.618Z,UK
66d921d24ea620ae6b29d74b,0jfyW2yC02vnNyvPBdiw,2025-12-19T19:26:28.884Z,2025-12-19T20:05:13.652Z,US
66e04b2f9cd94406f2da8f42,XixJpaLZOwesdleeMjKp,2025-12-23T10:33:45.263Z,2025-12-23T11:03:46.375Z,UK
66e1fe0eef87e2486f0f4ca1,IY800byYR7z5VQdsCLSN,2025-12-21T07:36:36.773Z,2025-12-21T08:46:03.695Z,US
66e3151584ce7d01596d194a,1RvazM1mZ5ZuHWrpf2Hl,2025-12-20T01:40:43.605Z,2025-12-20T02:22:10.311Z,US
66e4fc9c0c958246837a6941,pIBCjPQnnG4WnHdmNjOT,2025-12-20T13:34:18.976Z,2025-12-20T14:07:56.201Z,US
66e84a9aeb1250e4e671ae2c,KPpkKRjHa4iZESIDkIFL,2025-12-22T10:04:02.642Z,2025-12-22T10:38:20.745Z,UK
66f0457846752930b55150a3,LqLm66bu1qfIkz2bGCiK,2025-12-21T18:23:23.251Z,2025-12-21T19:03:41.546Z,US
66f0765bb7f6c2ae6ef721ee,Mvijy9Z3T0K2wp3Upo7t,2025-12-22T10:32:50.376Z,2025-12-22T11:06:25.398Z,UK
66f23f43364a3d1b7b018f27,cncN3mzNWfuSj0AQ88Km,2025-12-20T10:52:49.805Z,2025-12-20T11:24:06.495Z,US
66f59c766e7e22e1f90d08f6,lIXFRLbQWR09dEoODXVd,2025-12-20T19:13:52.240Z,2025-12-20T19:46:17.766Z,US
66f99699f2bb894cbd57209f,OgRRZOh3RQG04TOP0x5y,2025-12-22T08:54:13.508Z,2025-12-22T09:34:41.209Z,UK
6701cdb7d312f798d316810e,WXHyvAxZXAqUMBlOjUl4,2025-12-22T15:01:10.158Z,2025-12-22T15:39:35.058Z,UK
6703370d69c922c9c282ef5c,UtoDPegJTtMYNtR62ksg,2025-12-21T12:52:22.573Z,2025-12-21T13:27:56.619Z,US
6704025bdd15dcd73f54125a,r46UbPe4f1QCBvG5QFzA,2025-12-22T11:07:54.561Z,2025-12-22T11:39:08.651Z,UK
6708e405424678d90434ac89,4oE89r2qDXhXMb1y50nX,2025-12-22T10:59:20.848Z,2025-12-22T11:40:35.541Z,UK
670da3fd0b8a2f7a542a2b24,HkiHviIHzQOQkfONk9TE,2025-12-20T14:51:12.905Z,2025-12-20T15:31:49.100Z,US
670fb18f6f6ca0d7257a9302,wmHdPqSrc7siYZ6XZ0MU,2025-12-19T22:50:48.154Z,2025-12-19T23:16:45.690Z,US
6712c4178dc857f9a720852b,kpDusdiT0j7rdpmwPQXF,2025-12-22T17:18:49.609Z,2025-12-22T17:47:22.726Z,UK
6713a6a34b872f10e42e1502,zgfULFYR2pMq0o7hQdzj,2025-12-22T11:54:52.595Z,2025-12-22T12:32:03.618Z,UK
6717f85a6a89e8cd9b165aaf,txdMucKsYSkY5qWqUWu5,2025-12-22T10:01:19.989Z,2025-12-22T10:58:58.817Z,UK
6718fa3043e1839e51351385,aRYSCYEMTHeo5nG5SfUn,2025-12-22T03:04:38.534Z,2025-12-22T03:35:05.731Z,UK
67191218806a2b419b243e5c,ElFIgDs9Sy9HzpbEwoRC,2025-12-21T08:13:10.655Z,2025-12-21T08:52:02.353Z,US
671cdd2146a2a9d3d0535132,fDACpIZowHUGbC4qsJne,2025-12-22T01:20:09.396Z,2025-12-22T01:57:42.421Z,UK
671d772447cf5a3419817702,1WzTxIrsPLB1YhR22USp,2025-12-20T09:24:37.486Z,2025-12-20T15:34:24.436Z,US
6722ceb13a02b06603b7b285,pkVCSX68d7KoB8XT001m,2025-12-19T20:38:18.094Z,2025-12-19T21:10:52.223Z,US
6724d3673a5391f6e028d659,4ucQFHIIa8ktqiilZbxx,2025-12-19T19:40:23.731Z,2025-12-19T20:16:39.329Z,US
672501c7bc2f7f52114f2a5e,ZiNOwuXXcAuJyqvYLxlI,2025-12-19T19:29:06.556Z,2025-12-19T20:03:00.502Z,US
672539aa74aa5a08ab440626,fCQzC7X1mkLH73X0xBmZ,2025-12-22T12:03:17.729Z,2025-12-22T12:36:43.067Z,UK
6726175b381af01a5aaef18a,wSYr4gn6EfwSqGqYAVwq,2025-12-21T23:48:23.797Z,2025-12-22T00:15:40.116Z,US
672695e93764017bcf01d69b,3Yfip4DcDLe6aaywpu91,2025-12-22T07:31:30.354Z,2025-12-22T08:06:33.950Z,UK
672789bc7b3816f4f1a42e43,QWwgLXLA8HoXdD5b3fyM,2025-12-22T13:19:12.374Z,2025-12-22T13:52:06.179Z,UK
6727e176e5f011b020a6a2db,CltPOb0paC9JMHIDRRG9,2025-12-19T19:43:28.052Z,2025-12-19T20:10:35.374Z,US
672946ef8187e4253c5ff800,PNMgXdKBVw4xSNRbXWvF,2025-12-22T10:15:35.418Z,2025-12-22T10:49:24.685Z,UK
672a0f49692a1a87ac2772da,cxoEzOQHZSy8Edvg0NpP,2025-12-19T23:12:01.491Z,2025-12-20T00:24:46.778Z,US
672c99775b51436252e1b231,WYKTtO6JKQluUrSVkRvE,2025-12-22T02:01:35.870Z,2025-12-22T02:43:17.830Z,UK
672eeebde600098b4b65d4a8,5GPy1vmDVWseQVgw8i4v,2025-12-19T19:00:08.870Z,2025-12-19T19:32:20.322Z,US
672f0e017c32cf8dfb315424,cm5xw1zAdd6wrr6cC4G9,2025-12-21T04:26:39.975Z,2025-12-21T05:11:34.511Z,US
67311201ae5343816a576b29,gdkgODJLmj4QxbEnvOtd,2025-12-22T02:32:27.295Z,2025-12-22T03:04:53.652Z,UK
6736247083a7524dfeccab93,WLlko6L4dGSSZWXkTa6i,2025-12-22T09:59:49.967Z,2025-12-22T10:43:32.471Z,UK
67367a40e4abdcfbbaa00bcc,nxB9IA0BLN9a2YLeg1yd,2025-12-21T21:05:32.256Z,2025-12-21T21:44:03.444Z,US
673b7de4a2e905d7e456db70,IrcBPDcFQFtgaRyUScIN,2025-12-22T11:54:08.387Z,2025-12-22T12:27:31.964Z,UK
673df43bab9b5d6c0cba0f9a,u0NZfHqBMquNQeHr7gu0,2025-12-22T09:39:43.577Z,2025-12-22T10:09:40.562Z,UK
6740b01583cadef1afebeb9d,oiyVQ948mhc54wPpf2wk,2025-12-19T18:55:16.971Z,2025-12-19T19:24:58.874Z,US
67425ff05a1e573622ade37a,vXQ6iOT222wn9W3MFXL4,2025-12-22T09:36:43.197Z,2025-12-22T10:12:13.913Z,UK
67448035804444614abdcc6c,E591FDQpnxHgmEduYvqr,2025-12-22T02:12:16.240Z,2025-12-22T02:47:05.752Z,UK
67449b2d46dfbc02a0f083b3,rAeKeVJ9EMYtEn8Kv78F,2025-12-19T19:54:57.432Z,2025-12-19T20:35:43.002Z,US
674696d5ad8d317b574a1344,fhfsILvmLTYrLrXvXcQh,2025-12-20T05:02:38.549Z,2025-12-20T05:46:38.435Z,US
6746e74a384ba0891f6de321,OB23XEYM8c6i3Z7tFu93,2025-12-21T19:53:17.071Z,2025-12-21T20:20:52.772Z,US
67496dea4b9483e93cf9d117,ReM4aAlJuNcir13BppIM,2025-12-20T07:31:25.241Z,2025-12-20T08:01:46.523Z,US
674cf1b47d6743e2ea091d98,BS61TF0uUPJsBF71pGnU,2025-12-22T16:59:27.372Z,2025-12-22T17:39:47.652Z,UK
67501946d923a3866d1635dd,pIii2SiL43Ck0Ijw7xuc,2025-12-22T17:49:44.270Z,2025-12-22T18:22:56.381Z,UK
6750963f80dc9a9b834ddbbe,StJa795VbuQzt6Z9LfIR,2025-12-21T22:55:08.854Z,2025-12-21T23:23:54.286Z,US
6756d8d07b3444c59eeff05c,XUG2DfWtBQxLRWtYT9WN,2025-12-23T04:46:42.313Z,2025-12-23T05:20:33.459Z,UK
675a69d88d29359682bcd4ec,zAul5nfVU00dbYUpa36u,2025-12-19T20:23:45.958Z,2025-12-19T20:59:28.084Z,US
676055d717c5c46b0800f479,hwLRUJJvjmtmAAyDG1Tc,2025-12-22T13:11:24.784Z,2025-12-22T13:37:11.069Z,UK
67606c975d33dc79c280063e,RTaaH4OGCnED6dzpokAG,2025-12-22T08:59:36.418Z,2025-12-22T09:31:21.985Z,UK
6760b0825ab03ca48d4fb0de,reZkA9vxAq2PJ7p3pFu0,2025-12-20T03:23:41.060Z,2025-12-20T03:56:22.449Z,US
6760f2ed5c7e5d977eb5bd54,7nxDCsad2n4U4f7LkALm,2025-12-19T21:44:58.369Z,2025-12-19T22:22:25.281Z,US
676276312d87ec9601be7d5c,1JXZGra01zb1L983GsyD,2025-12-20T03:17:16.073Z,2025-12-20T04:23:49.642Z,US
67657279b0bce380fa33721e,Nn5J3qSmN0LZFKAVKTq5,2025-12-22T07:20:31.447Z,2025-12-22T08:00:23.567Z,UK
6765c82c27f3e9e011d0d4d9,cOhEYV7obbJ41srew3O8,2025-12-22T10:00:13.486Z,2025-12-22T10:29:36.458Z,UK
676688f10526923c0a526ee4,QquLhfkHe59QXvKK3a2s,2025-12-22T23:02:23.860Z,2025-12-22T23:27:45.995Z,UK
67682f4bf87d300e646e7371,0OoVTkpRpb9gW5OAYurU,2025-12-20T23:20:27.710Z,2025-12-20T23:51:18.145Z,US
676a2c97280c39f6edfd813e,91JBoNSz7XydyixUvYqF,2025-12-20T00:09:54.759Z,2025-12-20T00:39:50.760Z,US
676a86716dbe63bed7ae70a0,fIl5VCLOorah7wc79IjW,2025-12-22T13:31:17.465Z,2025-12-22T13:59:44.367Z,UK
676aa62900acb7d40e4f03b7,o599cDGJ18PY9u33mzLQ,2025-12-23T11:51:22.691Z,2025-12-23T12:31:28.471Z,UK
676d346f257c35fb4c43e63b,duMeWagJ33kWayY5HOAm,2025-12-22T21:34:31.600Z,2025-12-22T22:01:46.213Z,UK
676ddbb4543c43071be7605d,IUI1FsdxctCctjUvFX3z,2025-12-23T11:17:48.564Z,2025-12-23T11:53:18.536Z,UK
676df4319d4ed64ca5e20cdc,Njt9Nc4kJV2F7Ps6EADc,2025-12-22T17:18:36.632Z,2025-12-22T17:57:12.171Z,UK
67701cb8e95b8934348de694,kmvyf72wsvRYrbXSRCjG,2025-12-22T05:21:00.368Z,2025-12-22T05:55:36.229Z,UK
6771ff8ec9ba55882b8c525c,PPyFxujjG3llUdhm983U,2025-12-20T07:17:25.628Z,2025-12-20T08:22:18.511Z,US
6773d6d84f06b14a316648aa,y5YEB5TtLIfeGAZfZmKm,2025-12-23T09:09:12.132Z,2025-12-23T09:43:25.829Z,UK
6773d9880060f6cfd67eca9b,f2EaFuOFh5fQXwdiEaUx,2025-12-22T13:58:53.042Z,2025-12-22T14:27:38.974Z,UK
6773ea482c488f0e35bd7b5c,rikDrrsqDCDVl2fyJaQX,2025-12-22T14:01:39.665Z,2025-12-22T14:35:54.231Z,UK
6775d2dc10021f9d74ab65aa,vEGFKncr2m4VY7rcOQcg,2025-12-22T14:43:04.064Z,2025-12-22T15:18:45.426Z,UK
67767fa1109a4fa47a64748d,XJXBaNxPYxQtojedSILR,2025-12-23T00:39:00.738Z,2025-12-23T01:22:18.168Z,UK
6776c927f9dc484f730bf614,gTBQqu3NwWwyK8X867N1,2025-12-22T07:29:39.986Z,2025-12-22T08:10:02.102Z,UK
67781ffd92663e6f547722fd,xtcgr3JI4ZEzqbLkfTeE,2025-12-22T13:22:39.157Z,2025-12-22T13:57:10.197Z,UK
6779c8fd10ec19bf89b5f9d8,9XetjeoSenaRnLl5ymQu,2025-12-22T09:34:11.582Z,2025-12-22T10:08:47.380Z,UK
677cb7bf838dfe3cab0a0bac,jsdSA70m5p0djFd2szsG,2025-12-20T00:57:31.903Z,2025-12-20T01:25:38.498Z,US
677e66aeda5ddb35145c52eb,cShAYleSwiosLpWn3Arw,2025-12-22T04:59:55.861Z,2025-12-22T05:32:06.632Z,UK
677edcc906221d9231bd83d7,5hMKGAtJV60gWywdkVFn,2025-12-20T07:27:29.945Z,2025-12-20T08:00:47.095Z,US
67803a05b60a2727e9fa85b4,vTRC3V5QmDGiy5xyYcuf,2025-12-20T00:40:16.888Z,2025-12-20T01:10:01.674Z,US
6784cd4c648d7fe55ab2ff24,AO7vu03lLJOaFlix2W7W,2025-12-19T22:41:30.036Z,2025-12-19T23:19:40.354Z,US
6786d7955dfbf40eae7ed3d9,V270sYsAo6VccSZwdn47,2025-12-22T07:25:09.682Z,2025-12-22T08:00:08.337Z,UK
678850e350af39b7032dd102,HvVTCjwKsAkSuyrRLs2S,2025-12-19T19:13:25.665Z,2025-12-19T19:50:26.261Z,US
678951eaacd3135a38c86ec9,bhwmM4fAfbMOm0FBhbOc,2025-12-21T10:39:16.673Z,2025-12-21T11:14:18.008Z,US
67895c8702d2c30bde3af96c,Bj1hgRwrOPIcDo8RCYnJ,2025-12-23T08:27:13.279Z,2025-12-23T09:01:30.485Z,UK
678b8b6f4d1425ef3b30bd32,FxLXSfgHk63ekpllvaPX,2025-12-22T17:08:21.949Z,2025-12-22T17:46:20.167Z,UK
678f46cd0f21903076471f34,rQzSxlfMCL9HFZ0ovOyH,2025-12-21T21:20:15.544Z,2025-12-21T21:52:50.796Z,US
67a42f4cbca316730e66e3d8,VhDrqLHGbdJaX2lWmuEx,2025-12-21T20:02:44.044Z,2025-12-21T20:35:45.887Z,US
67a54503a9d38ce3140394eb,nCWbOOz8Wai8iS6aJ10q,2025-12-22T15:43:57.229Z,2025-12-22T16:16:03.527Z,UK
67ab5b2e65c4823c805570d4,tiUhHZB6spOO4517y3JP,2025-12-19T20:57:46.067Z,2025-12-19T21:40:31.399Z,US
67ad2a2a71895bd3ece87c4d,aZ93qiCYwa8LPFELiUVR,2025-12-22T08:23:54.536Z,2025-12-22T09:05:39.623Z,UK
67bc827bda4f8e3244e03c7a,rntSNbheN3YYodbxUZls,2025-12-22T07:58:27.200Z,2025-12-22T08:28:32.537Z,UK
67c03df83a4809152545cabd,ooXFsSRCrikOU1OpO6jr,2025-12-22T03:04:27.098Z,2025-12-22T03:47:49.507Z,UK
67c4cf035a34c6ef254906e2,rjtOs4RpBoUQIrpmQPcw,2025-12-22T09:41:38.813Z,2025-12-22T10:22:25.708Z,UK
67cb40e5562e803bd6532a64,UUhR0FbQb4iEdB6UIKId,2025-12-20T02:30:20.949Z,2025-12-20T03:05:41.378Z,US
67d443ba0bb671a8f2a938a7,YR09eZzcmylRbTIUZiiA,2025-12-22T09:26:59.576Z,2025-12-22T10:17:39.256Z,UK
67d97337faf4d981fef4baed,5KEpz5S0K9USZ6m5hPho,2025-12-21T12:46:48.419Z,2025-12-21T13:20:18.865Z,US
67e43d3171f3338caa047245,TF70dxGQvRBy9zNSiEEE,2025-12-22T08:58:35.491Z,2025-12-22T09:24:39.462Z,UK
67e80fd6ef19882569cf49d3,zul7BS6UVOjxLv04IpEV,2025-12-19T19:42:30.404Z,2025-12-19T20:14:56.819Z,US
67ee45a8f90e9989ba22c24a,SiLKhIfXBiGUDmi0DBaB,2025-12-20T01:12:52.937Z,2025-12-20T01:55:18.766Z,US
67f0440c8c9c5d41005a7beb,YT3i3gAP1WLRNTYQOb6j,2025-12-21T23:48:25.583Z,2025-12-22T00:19:55.380Z,US
67fc2265467c0ab6f8114ce2,WMT5DoIlhzKjKnM7DIle,2025-12-22T06:40:05.610Z,2025-12-22T07:21:36.340Z,UK
68379f3fafa634a21d761586,BQITsy3EEbsTjEhS1E49,2025-12-19T21:11:53.811Z,2025-12-19T21:42:39.542Z,US
68729361bee62f6a3fb232ec,hbUDZxQfijMpQuAd1OCr,2025-12-22T10:48:19.387Z,2025-12-22T11:22:19.476Z,UK
6888f9158ab561d6bbcf7466,gOR9nNNgKOlxU5uT7kBk,2025-12-22T11:13:08.739Z,2025-12-22T11:40:34.097Z,UK
68964d2d26b7f42954329beb,yxMHXCvgbmWEWWowNBGT,2025-12-23T10:51:40.488Z,2025-12-23T11:23:33.679Z,UK
691e376dcd6e82882b5f5a3f,DiW5Pw5XfC85TnG2M0V3,2025-12-21T19:49:12.331Z,2025-12-21T20:22:30.350Z,US
692632a21e521046ef338590,W1SBmO6MrR4UR9BC4HCW,2025-12-21T06:01:25.255Z,2025-12-21T06:31:10.611Z,US
692c55a22b643604a1e5b2b7,XwWZCGyQQSeFkocDmgmk,2025-12-19T19:22:07.426Z,2025-12-19T19:50:03.559Z,US
693aef92856f8d2a01f593f7,ufRqfNVBvdoZYtHNEnX4,2025-12-20T00:20:42.357Z,2025-12-20T00:48:42.029Z,US
6941548fbd8b79fcf75cacc7,PyQSFYRACnmZ327LJ3Sf,2025-12-21T02:40:00.399Z,2025-12-21T03:11:49.763Z,US
69416d053e537e4d1c275a3f,7RIAuUfQAT59acqQSzIw,2025-12-21T19:18:01.318Z,2025-12-21T19:46:18.170Z,US
69416d24e3dadef069de4f83,ShJc9mrZWHRzh5UgjDOd,2025-12-21T18:10:10.632Z,2025-12-21T18:38:13.342Z,US
69416e7b2145d97eb0f931cb,t4xpjqvuAis39d4xafV7,2025-12-21T17:05:10.648Z,2025-12-21T18:33:40.237Z,US
69417dc7901519e2a9fb47a9,ljem8kmG3T6tEAvHjp6z,2025-12-21T13:30:45.747Z,2025-12-21T14:12:38.050Z,US
6942d12e93e20e19d2db3d33,SJdrosRtMQopXnAP45ya,2025-12-21T17:29:29.890Z,2025-12-21T17:57:24.089Z,US
69438d3b4d5b93c9428698fc,JYDRJJZw4WrXh6vArdzT,2025-12-21T18:49:48.156Z,2025-12-21T19:16:06.573Z,US
6943e48fc43c953025c04e37,jOEnCNt6tSr6hs6aDrmV,2025-12-21T14:48:37.073Z,2025-12-21T15:23:26.267Z,US
694431339a077d45591b4e21,cFMu8VQzrjVRczEI1AAE,2025-12-20T22:36:44.919Z,2025-12-20T23:14:10.876Z,US
6944bbd7ad3276bb1858ede4,AyLOp2ODV5x4FePqZTHC,2025-12-22T00:00:09.410Z,2025-12-22T00:27:49.240Z,US
694555b4beadda60a5901ec0,rjW7eqqZYDMen6bQAysY,2025-12-19T18:35:50.970Z,2025-12-19T19:05:13.292Z,US
6945d3294c8cf5eefa76293a,vKRUqjLDIc2Ko35I79BS,2025-12-21T16:49:10.794Z,2025-12-21T17:20:11.444Z,US
6945f1dfce339124a8978f18,lYTroD6T6pRDE24psFlC,2025-12-20T23:55:09.105Z,2025-12-21T00:27:57.662Z,US
65b8b2bf8b3905b0efcb0fd3,qkIhuXZUZ1BhWPjhoECv,2025-12-19T13:52:12.731Z,2025-12-19T14:32:53.426Z,US
