participantId,experimentId,reading_id,totalEvents,duration,focusTime_reading,focusTime_chat,reading_count,reading_totalDuration,scanning_count,scanning_totalDuration,scrolling_count,scrolling_totalDuration
5537b204fdf99b51eefed679,5KDdz1P54XXss53O8N2e,5KDdz1P54XXss53O8N2e_reading,122,1794023,1166876,627138,31,945269,17,59731,41,25373
5648e4bf20453f0012c5ad3a,JLMJnVsaQtUelZo1V6cr,JLMJnVsaQtUelZo1V6cr_reading,219,2456556,369556,2042890,25,247451,15,56314,62,31963
5752e09ecd7e970007bd76df,o6sKo0BAvvbbc4VFMDbo,o6sKo0BAvvbbc4VFMDbo_reading,201,1466390,1466389,0,28,1177445,14,40966,160,80233
5805db219ff6120001a135a2,xWKQl56xQiefk0Xxt7V6,xWKQl56xQiefk0Xxt7V6_reading,130,1531600,897080,634389,25,753531,9,27731,79,39085
594dd3de0dd7710001aeb5e9,LpG8YZGE1WWLWQEeosfW,LpG8YZGE1WWLWQEeosfW_reading,64,1447272,172535,174616,6,140419,2,6766,26,9171
59b15324e79873000148879d,nTab7jOzRHjolAQjq9h7,nTab7jOzRHjolAQjq9h7_reading,262,1417902,1400887,16932,55,1149905,27,81466,109,60879
59dbd41ac0d35a0001294aa0,jCBKV3EamMMO3Czt2vWS,jCBKV3EamMMO3Czt2vWS_reading,245,1661251,1326238,334973,18,1084953,13,37130,164,70040
5a068d5b074b190001251791,Wv5EruGYDP0p9jtKO33l,Wv5EruGYDP0p9jtKO33l_reading,102,1319931,513586,323689,22,447503,8,30794,29,12595
5a7f22ec0f1bce000121ef95,GGrIPEYz74MBx1bbEWXt,GGrIPEYz74MBx1bbEWXt_reading,60,1279868,1279868,0,41,995027,9,30448,18,7758
5ade558c066c510001d43615,1odnJgCRuwmc886z6Jva,1odnJgCRuwmc886z6Jva_reading,103,1324025,1143874,180140,31,1056863,8,26217,35,15897
5aeb5c9f0f8859000190a19b,wQFIEdjp0lIUQ2f8DRcH,wQFIEdjp0lIUQ2f8DRcH_reading,61,1272310,1272310,0,33,974432,6,19178,27,15020
5b490bd59afec90001009679,csTlf2981LtcpzE2heGv,csTlf2981LtcpzE2heGv_reading,84,1444795,412137,1032639,15,297521,19,65637,41,21289
5ba937d53c7a050001992e80,irynvOnl02CL1jqbROjF,irynvOnl02CL1jqbROjF_reading,86,1448915,1425399,23510,25,1323092,2,7164,35,14417
5be742dd0e366e000175c8ba,71Zltxc5R2hi5iLHJlCe,71Zltxc5R2hi5iLHJlCe_reading,69,1280911,1276957,3945,12,974396,9,28385,51,13279
5bffcca24f73310001c5597a,kEfUmFTlshuKekkytl9k,kEfUmFTlshuKekkytl9k_reading,192,1370030,1030205,6733,52,811943,29,101181,110,43345
5c4277ac1242910001bdbf1a,E6q3NXOWu8Pi6ThLaA8U,E6q3NXOWu8Pi6ThLaA8U_reading,165,1353063,781482,571542,27,643275,15,54904,67,40858
5c509487172b6c0001779b34,7PzgmGQT1E6rL3cSujpR,7PzgmGQT1E6rL3cSujpR_reading,61,1318454,737071,581375,18,674521,7,22394,26,8913
5c86d5a58085800016135bd2,S7zaq6LMWGcLOfiTdxYa,S7zaq6LMWGcLOfiTdxYa_reading,153,1921378,1267868,653480,10,1167944,5,15943,93,35821
5ca62a239ffcce0001036b6b,fgtNvJcdmFDcy2mXVxJS,fgtNvJcdmFDcy2mXVxJS_reading,82,1309058,119387,98514,6,44950,8,26266,38,14799
5cd4ad19f014930017d35d6a,h1ujA85ksEDNldOgpihQ,h1ujA85ksEDNldOgpihQ_reading,20,1469475,1445022,3904,4,1297065,3,12532,12,5731
5cdd11ab4ea13d0001a5c036,Zf4gbNKA4bWgvFtVcino,Zf4gbNKA4bWgvFtVcino_reading,42,1905907,1905906,0,4,1552578,5,18155,32,24241
5cde02d000d670000184ea3b,xkB7yNDPV8izBOyVepVK,xkB7yNDPV8izBOyVepVK_reading,253,1779974,1382935,396879,49,1624247,28,96802,112,53423
5d09edb73d40080001655677,YEkRsyRuKQYfcAMN1YEZ,YEkRsyRuKQYfcAMN1YEZ_reading,60,1381861,1379726,2133,26,808366,11,33825,26,18023
5d67ed161976cc0019cc8a10,Ih7tdA6qZrd7T4M6YP6k,Ih7tdA6qZrd7T4M6YP6k_reading,127,2291474,2291474,0,22,2079398,13,42281,92,33389
5d94ce7b72b4550016906484,dDdGEGVKBtdWookJEkg8,dDdGEGVKBtdWookJEkg8_reading,41,1762272,1762272,0,22,1555786,5,15897,17,9175
5d9b7c7efaa2860364b16476,NpggUHSCfGD0L17YoCDF,NpggUHSCfGD0L17YoCDF_reading,76,1297398,666653,630737,6,616953,3,10118,50,21629
5d9cb58ee8783f0019c8bd06,FBf7zX7qdgQVYScqFw5A,FBf7zX7qdgQVYScqFw5A_reading,81,1374024,1374024,0,28,1189533,7,22785,39,19918
5da78f61a60c0d0017d6ed89,foGpA2pxSBu3daJJxMfx,foGpA2pxSBu3daJJxMfx_reading,110,1347083,1347083,0,23,981298,7,22358,81,44179
5dcf14459595a105c52cd304,eEgicFZryM2qwheeB8eS,eEgicFZryM2qwheeB8eS_reading,144,1463186,1463186,0,35,866226,7,21796,111,58631
5dd9a7ff98981d926df9ea18,ojTh9UyW1Th8mezo0FCS,ojTh9UyW1Th8mezo0FCS_reading,61,1299880,1299880,0,15,1125890,1,2769,28,10733
5e1f06e67a9ded238481246e,kzOTLQe4Yc3fqXTmNWWO,kzOTLQe4Yc3fqXTmNWWO_reading,62,2494823,1061691,1433114,11,1005829,4,14218,30,15962
5e299d8c2e9dc4000be0fde0,XL4wVgjnJj7j6UKbTmba,XL4wVgjnJj7j6UKbTmba_reading,20,1341733,1341733,0,14,955076,3,10113,9,6029
5e3c29ac4c3831000c5bdb68,mg8QWlX06oYDKZNeRoeN,mg8QWlX06oYDKZNeRoeN_reading,20,2250776,2249890,885,9,468094,2,6518,13,3819
5e6155e6f169c0046b6d6518,ew0Oi3X4BB6UNYa4GUKE,ew0Oi3X4BB6UNYa4GUKE_reading,297,1594403,1272752,294803,48,991925,31,101149,159,82716
5e64da5ac34e832466061bf8,GdJwiwyTaSBT2HItDAPp,GdJwiwyTaSBT2HItDAPp_reading,64,1317034,1053859,2956,5,87309,15,56608,52,29097
5e6e6497d33339419afd90f9,oeqjHjqWfisY0QbOLLJr,oeqjHjqWfisY0QbOLLJr_reading,189,1386164,606025,60176,10,431823,15,43362,77,41581
5e7ca836a60b642ec70880b1,O1vwITchcMOre9N357JN,O1vwITchcMOre9N357JN_reading,65,2470214,368704,908904,12,298152,6,22777,39,17416
5e7dd5b90923ad0009f80bbc,e8GmJ0XvFC9gwL9pJiQ0,e8GmJ0XvFC9gwL9pJiQ0_reading,66,1307747,1307747,0,32,1021965,2,5278,50,14857
5e8307bae3b23d01d2259e4c,QgJYPhvOEOMISCOj5dIJ,QgJYPhvOEOMISCOj5dIJ_reading,119,1657205,1597534,59666,5,48147,9,26643,96,62767
5e83425144753905a3a17ad8,S0RsN8X0DUDMEDyIhgQU,S0RsN8X0DUDMEDyIhgQU_reading,84,2151866,1954045,197814,26,1876406,7,27493,30,24285
5e999a581e025f1cfd5e7090,ZcGlYrnGNXwVDg4CGitT,ZcGlYrnGNXwVDg4CGitT_reading,165,1338075,832542,335387,19,726052,5,15805,63,27877
5ea9cc9195f36c126a27d0a7,X5JJzlgugqu87nJAyj34,X5JJzlgugqu87nJAyj34_reading,87,1329255,370867,671191,19,304899,4,15735,54,18783
5eb7c006b839846ea7a24178,ASH0R0O6bfOtJuGTcX0n,ASH0R0O6bfOtJuGTcX0n_reading,200,1958672,462205,1450316,10,346124,6,17027,43,25498
5f0e1fecdc728111e1f7d093,Dd13CgWILpfxSs7fhRUU,Dd13CgWILpfxSs7fhRUU_reading,269,1460918,1380854,80019,71,1004591,51,169002,89,69627
5f42a27e49962e4a7045a7b0,P2BIsTYbNf5vbwlbjL57,P2BIsTYbNf5vbwlbjL57_reading,188,1469126,1469126,0,22,1151745,17,52492,164,82433
5f4ae7cb6b68b56c2acb12c8,156ITSNqPsuY5IfL2Zbo,156ITSNqPsuY5IfL2Zbo_reading,100,1352826,1352826,0,32,1132633,9,24825,58,32592
5f6e76757befe43b22307387,u70agQP99KnkPaoXG1qq,u70agQP99KnkPaoXG1qq_reading,165,1624912,617767,747694,34,551768,6,22875,35,16233
5f95e7c5e49c564a01f040aa,y32v6LefUczxAxklLE6I,y32v6LefUczxAxklLE6I_reading,80,5834634,5834634,0,13,322884,11,39872,64,26154
5ff454f2f0b5ed607169fba6,ZXLJBbZzYuR2Oi9BJy1u,ZXLJBbZzYuR2Oi9BJy1u_reading,79,1344869,921126,137240,23,855036,3,9330,34,19549
601ac0440ae554365a73246b,kId0faSYfh5slBl0AKmj,kId0faSYfh5slBl0AKmj_reading,66,2326028,1503480,423928,7,978958,0,0,23,7917
60673bc6496cefa66a61e737,RFahYgKlNHbvtaFtHVTs,RFahYgKlNHbvtaFtHVTs_reading,265,1504895,1504895,0,23,1057050,26,76141,233,124706
60c75879fdf6194f658272fb,qweek1z4Gu2iADeA5hv4,qweek1z4Gu2iADeA5hv4_reading,64,1312930,1312930,0,7,911559,2,6935,55,26479
60d4558116de644bde568dde,vTCrmhwefckTiCdKvtio,vTCrmhwefckTiCdKvtio_reading,231,1546949,1059590,487355,42,758068,23,78113,149,78386
60d52a5dca16f851ab8b9b82,67hH5FJTOIvt2xZHtxYM,67hH5FJTOIvt2xZHtxYM_reading,60,1281417,906985,6178,18,860905,3,9376,29,15119
60e308bd29d04d6d790aa1ad,kDgqQJ4MDV4y1ZTUKWiC,kDgqQJ4MDV4y1ZTUKWiC_reading,217,1636543,151423,1334796,4,79355,10,32596,36,20687
6102053795bd9b55ab979a48,WnEvPvpbBJWCZgHpuuuy,WnEvPvpbBJWCZgHpuuuy_reading,19,3866014,3866014,0,2,3663257,1,2815,12,9333
612198f856c9f4f2f02f7046,y2zrjoUagyQO9jEe8n51,y2zrjoUagyQO9jEe8n51_reading,36,1333103,137055,1196042,3,99049,0,0,20,5600
6127b32b912465823dca1e4b,vz0aPGGhYKUPyQpfooeV,vz0aPGGhYKUPyQpfooeV_reading,212,2119305,364234,1571152,18,252066,12,44003,60,28969
613c927a3da2129cd285ef58,MQVax2V9muMfzH4Tg8SC,MQVax2V9muMfzH4Tg8SC_reading,101,1319368,1041680,277624,19,932394,9,28222,47,18712
614a0facaa13498cff401c41,Oj47qnEa4iAXshwTn3RM,Oj47qnEa4iAXshwTn3RM_reading,84,1309054,1306532,2520,9,1006583,9,32423,69,29618
614f7550e1d2a29137820173,dry6JzxvzpEqrjbnnGdK,dry6JzxvzpEqrjbnnGdK_reading,216,1629339,1511891,117440,22,785484,41,126610,150,96081
61680035775d6be6c3034464,ncf6ilL8CQKsJLeZMTFz,ncf6ilL8CQKsJLeZMTFz_reading,83,1312481,854584,180913,30,766321,5,17187,31,14866
61684f48083b66cd4a37dfbb,zk0nOaly2dhW3rDDpsw5,zk0nOaly2dhW3rDDpsw5_reading,231,1402310,522674,253564,10,344605,14,41871,120,65700
62a2042e8813ab2f55d8ecf9,PfC33ZKbVQyZDbOQepeh,PfC33ZKbVQyZDbOQepeh_reading,132,1956984,1448414,319270,18,1275172,12,41337,84,48356
62b354926116305375200028,6UYVTtPZqDH6AP8RNSuY,6UYVTtPZqDH6AP8RNSuY_reading,44,1247385,1247385,0,8,618130,4,12160,31,13176
62b437a2dbff0b6b3d0121e4,jpEcNpSm8ZAdmS989pQN,jpEcNpSm8ZAdmS989pQN_reading,37,1330826,38893,1277113,1,26604,1,2182,12,6050
62da6a553aaca6fffb50307f,mHnkYhaXr6bBMqvmRGcQ,mHnkYhaXr6bBMqvmRGcQ_reading,171,1437428,817091,163054,28,626493,10,32931,122,53204
62e2f4973427f0ab91180361,hMzsckNLTyWW1fQrjXRG,hMzsckNLTyWW1fQrjXRG_reading,65,1384092,1384092,0,14,1229642,10,25675,58,34769
6318e2c61780455450fe4199,BNv5foLXnGjmF5uYKaGW,BNv5foLXnGjmF5uYKaGW_reading,40,1259440,1253656,5778,21,1168926,6,20578,7,1979
6328ea8c44e1e6f7180facd3,9BZpW6VaVHF93eG70y7E,9BZpW6VaVHF93eG70y7E_reading,110,1365260,479135,418530,9,456916,1,2583,30,9755
634d7fd5face88069f7ff6ff,HHz8obSjzbypCTIQVl5J,HHz8obSjzbypCTIQVl5J_reading,40,1255886,879516,2983,11,847851,3,8631,7,4626
6384fc5695a4edef691103c0,NhuzFczfMTaBt66x6OnX,NhuzFczfMTaBt66x6OnX_reading,45,1582255,1541567,40687,8,1489662,6,20442,30,8853
63cedf5f87024f8b1ad1023f,b7OQw9HRrSwTFOsqKfpc,b7OQw9HRrSwTFOsqKfpc_reading,20,12543251,12543251,0,4,56772,2,5728,17,5287
63cfefc43323e05d2a6f554b,Q6xKfZPf86n53gCl66NO,Q6xKfZPf86n53gCl66NO_reading,376,1699338,964859,734424,39,453694,56,176700,229,114095
63d023f75eaafe675b6fa5fd,mYlzaViboWqSYi3CP0Xw,mYlzaViboWqSYi3CP0Xw_reading,165,1465061,937658,457098,25,847370,5,12798,35,17425
63d1b1192b2b6d76dae50c06,axya34s1FGIXez3ctZNI,axya34s1FGIXez3ctZNI_reading,40,1261070,1261070,0,10,892552,9,31815,37,24213
63d2d8388a367c258ca82590,vpzQL2hC3ErSmTUaK24q,vpzQL2hC3ErSmTUaK24q_reading,401,1903000,1903000,0,57,1063052,36,113607,330,210537
63d3fd5916541b5031bd4a3f,OMkeCIiMn7SXdm6J1crH,OMkeCIiMn7SXdm6J1crH_reading,165,1959808,1959807,0,44,1529019,17,55874,102,49544
63efe25e481b721d4bcd9639,1nvkf83KHLzjAgNl48r4,1nvkf83KHLzjAgNl48r4_reading,156,1478119,829414,359415,11,679523,14,43647,47,27206
63fc7ac4c0ba10b71a25a63d,J4GbA94CHaaWdcQ0NXaS,J4GbA94CHaaWdcQ0NXaS_reading,80,1328804,1322934,5868,35,1097146,6,20022,53,22606
64012ee6e3f2e59aaa36f718,pASsyWL7BeU8d2LHylSm,pASsyWL7BeU8d2LHylSm_reading,,1241333,1233556,7776,5,1211539,2,5155,5,3744
640349ae900739316aca0f9f,EN5BvdroxpPwpTiEm7rh,EN5BvdroxpPwpTiEm7rh_reading,43,1304354,1304354,0,21,1246474,2,8776,37,8860
644695d12dd99a1712dd84c0,RKN3czQkvNUU5ttarWYh,RKN3czQkvNUU5ttarWYh_reading,83,1377874,1029411,7662,31,768644,14,46336,40,25114
64481bca476d6bfbae2066e2,f1OPhn14k8F7rGD1L8mJ,f1OPhn14k8F7rGD1L8mJ_reading,20,1381656,710844,670792,6,684307,2,5402,11,5087
651d623cbdcb675cb801bc79,x5sYIrMm9w1ys3Jchr1i,x5sYIrMm9w1ys3Jchr1i_reading,80,1308031,1308031,0,38,1175500,12,39194,38,22523
65216075939674db7a47e7d0,Yfw8NCvirVvm32ZHzZiJ,Yfw8NCvirVvm32ZHzZiJ_reading,293,1518293,573742,689474,20,218822,19,60416,244,109747
653927811b00d4a0036cb7ab,3EZ8IRrVZzpDroqLAJlG,3EZ8IRrVZzpDroqLAJlG_reading,40,1365634,630026,735606,34,578327,2,5550,15,10791
653ab786a5162b73aac38bc9,78C8AQfG2rCDiUEmjyok,78C8AQfG2rCDiUEmjyok_reading,197,1678080,690823,987230,32,545244,10,35866,72,34746
654142b51c0cbebefa6f3ea0,ZIbsiXSnfrbUrBEYgzsh,ZIbsiXSnfrbUrBEYgzsh_reading,38,1292905,61450,996299,2,36935,1,4922,9,3860
654a56ff9b8baf6c84eb9b69,17dMdN4BxHTnNsbKRHsN,17dMdN4BxHTnNsbKRHsN_reading,113,1416988,840067,576904,26,685698,8,23335,38,16295
65706b89d4c6c32963d258e8,ycSqXvdB3Wbh1iG4ulRd,ycSqXvdB3Wbh1iG4ulRd_reading,104,1342128,1206858,60437,9,974080,4,14380,45,12451
6598124cb009a156ae665edf,diGtl8DflcDIUP6aKG6k,diGtl8DflcDIUP6aKG6k_reading,60,1863442,1863442,0,22,443606,9,31842,34,16399
659d4aadab2eb6b7a8cffb07,iQjS3eOikULjqU5DaPxQ,iQjS3eOikULjqU5DaPxQ_reading,18,1281817,19514,1262299,1,17684,0,0,4,2594
659d6ca29e5500da27f1cb5b,AOTDLxmpLc9JVxY8GHjR,AOTDLxmpLc9JVxY8GHjR_reading,192,1549423,424232,1125146,18,291579,13,41263,71,38953
65b65fdfb1aba2f7325fa073,cUjl1d7RaeYwiwbgh0le,cUjl1d7RaeYwiwbgh0le_reading,39,1276835,1276834,0,19,1054155,0,0,19,3107
65c637e0e76b878b89b9bae2,ijiQ82QNgphztukQKALV,ijiQ82QNgphztukQKALV_reading,87,1289547,1280838,8704,31,980544,9,31976,32,20378
65de3af8fcbc6ef9331bd863,LQH1zlNOtNql3tc1rKJr,LQH1zlNOtNql3tc1rKJr_reading,179,1557297,1249889,307395,29,870580,16,48565,116,41190
65ef950203e4e8448c55e54c,FzanR5obi65ML0pmiN1X,FzanR5obi65ML0pmiN1X_reading,404,1559654,1191689,106249,28,797428,24,76130,325,107566
65f684e029d7c63f3338aed7,7gZ9bx5MiLPRidM0rULt,7gZ9bx5MiLPRidM0rULt_reading,252,1517698,1322864,194782,28,1024690,15,51641,180,74364
660477cf6f52f75e86f4f349,klwqVPzHrDRCRyC91yjv,klwqVPzHrDRCRyC91yjv_reading,173,1621273,1200731,379000,38,1028164,16,58143,69,45893
6604b10d7328536e5d9bb9db,UDYH0mJOXZJQVwFrkPiY,UDYH0mJOXZJQVwFrkPiY_reading,81,1442591,1419464,23125,39,1090386,14,44887,41,23588
660c022ef20bb20404c76d8f,VRcVN1SABxvfK1dV19bY,VRcVN1SABxvfK1dV19bY_reading,217,1527825,1527825,0,32,1154824,35,119091,171,94381
660d7d551f8fb51d01193e78,gbivCtr1F8vLRLJLOjF5,gbivCtr1F8vLRLJLOjF5_reading,84,1320958,1320958,0,27,1132716,8,24337,41,11487
660eb2ab66db1c0d3fa51a2b,mW4GjvZZDTi9KgI1g3sN,mW4GjvZZDTi9KgI1g3sN_reading,43,1266416,1082137,184278,12,1012991,10,29630,31,16660
661149a91b7fad3a3d2caf0c,ppZ8MEFyTyLLnX2q049M,ppZ8MEFyTyLLnX2q049M_reading,17,1419860,26581,566704,2,13832,1,2182,6,4075
661dd11d5523e507da514925,9pEKKp4XnWSy6h68Opp9,9pEKKp4XnWSy6h68Opp9_reading,20,1254802,1254802,0,10,1001198,1,4731,13,2848
662266d75f37a6781e7d67d7,0WHsISEsaS1STcn6cMpO,0WHsISEsaS1STcn6cMpO_reading,241,1514391,388538,851456,23,214398,16,53195,139,51840
6629396278644f7ca5e5d017,QAuxkR8S6cpBgH0vKBiq,QAuxkR8S6cpBgH0vKBiq_reading,166,1481172,487447,716048,23,201675,23,77364,67,30482
66293ded22cbde752a3bbee4,3Dn9UAQAJp3WLwhyXna9,3Dn9UAQAJp3WLwhyXna9_reading,83,1593771,1593771,0,38,1228595,7,17237,53,20187
66293e1a129d3f87aa344b26,IdPbTYJkkwp2ctPuN4DM,IdPbTYJkkwp2ctPuN4DM_reading,103,1304150,1197938,106205,26,1050794,10,38092,46,28780
66364f7e853a9e70d8509fc7,vjsKEvqsKL5Du1htlqfU,vjsKEvqsKL5Du1htlqfU_reading,41,1340066,543089,796968,7,514776,2,4506,19,9983
66366f1058966314508ed6e4,4lX44NeUgad1zRQ8y5yi,4lX44NeUgad1zRQ8y5yi_reading,112,1302041,1209476,92559,14,1088168,10,33129,79,43571
6647187677519b0df9ecb716,1TORDYQm6hZWun8Lk0ND,1TORDYQm6hZWun8Lk0ND_reading,147,1361522,959831,401667,51,878818,15,44223,39,21896
66520da15457a5e65d2ec66f,S4r1I1A3vLlJwjkOWCvD,S4r1I1A3vLlJwjkOWCvD_reading,60,1288645,1145576,143066,32,1089799,3,11185,20,13320
66572ce80b83b5ae5cb07a0c,qPF4xDAEY7fmNQ3C5iZg,qPF4xDAEY7fmNQ3C5iZg_reading,82,1302722,1302722,0,24,1110882,3,8632,29,10502
6658bd6af1e9209af5f89f53,v5GOJ3AZ7Slc18gYf33P,v5GOJ3AZ7Slc18gYf33P_reading,128,1375976,1375976,0,34,1152647,17,50062,86,40106
6658c063dd60f6a0b5dcb002,yZJYQSlPtoPhNnMCjQcF,yZJYQSlPtoPhNnMCjQcF_reading,41,1328675,1328675,0,5,290658,5,14337,31,11253
6658d234fa019e8f175c83f7,pZ71aohm70hZODjBcHgo,pZ71aohm70hZODjBcHgo_reading,145,4355592,4355592,0,15,2706409,23,72818,116,50669
6659e11957f1717b65111769,4Hfx8HW3BiE2QZbjyyKv,4Hfx8HW3BiE2QZbjyyKv_reading,85,1358519,1358318,198,45,1232474,9,31396,51,15290
6659ed0c83328ed788a7cf65,WikHwbscLBQ2dJOUG4Wi,WikHwbscLBQ2dJOUG4Wi_reading,105,2025966,2025966,0,34,1464558,15,44980,58,24125
6659fdc13bceed5a87541da4,pVNJTas3xfkn7L62H2iq,pVNJTas3xfkn7L62H2iq_reading,168,1378660,1318389,60258,49,1129191,18,64161,66,34538
665a16dd2db5a0dff976ea9b,MgJz3SjVQFLrZ9qBy3MG,MgJz3SjVQFLrZ9qBy3MG_reading,81,1305261,1305261,0,41,1213784,5,15811,41,17985
665b5ab06f53305291fbf9cc,8SmOjN3701TXxLnO9FUc,8SmOjN3701TXxLnO9FUc_reading,125,1344774,1047328,133134,35,885764,12,39601,64,26440
665ba5fad0a8c603ab8b5242,TyRovBV8w9M5oVUVrKWL,TyRovBV8w9M5oVUVrKWL_reading,147,1619978,1575691,44281,23,565736,25,92233,101,45196
6660df77324bd52e8dbce2ef,WnVKMwyqdQqyDa42qoAw,WnVKMwyqdQqyDa42qoAw_reading,62,1325339,1325339,0,24,876928,13,37436,30,21371
666182516b3e1f1fdb4f345a,6P3lcDBmG3halaneg2Mo,6P3lcDBmG3halaneg2Mo_reading,119,3957808,314521,3643271,16,208788,11,37392,44,26978
6665aacb7549bd73950c9e6b,ibzp1IeVJPfTEJTQAMum,ibzp1IeVJPfTEJTQAMum_reading,112,1349464,1349463,0,25,1166743,10,34552,80,44215
6665e9f9b49082f6458c687d,EX0hNZZwtxvRI6vmyYaH,EX0hNZZwtxvRI6vmyYaH_reading,64,1279486,991094,288365,7,919498,5,13642,41,15192
666640831e2f8d963f8c528f,iX0kSvMdQQdKsLG8XMFj,iX0kSvMdQQdKsLG8XMFj_reading,171,1441204,461871,979316,13,300230,14,43229,94,48517
66708fa4dfe022dbed4cae9c,XSJjhwYDnQIcank5ykoA,XSJjhwYDnQIcank5ykoA_reading,20,2380087,603355,1776730,3,583462,1,2149,17,7183
6671f8979384370db5e1c713,7QgKJYwJNwkwGKenqdUi,7QgKJYwJNwkwGKenqdUi_reading,103,1310774,1188631,122125,41,1080089,12,38679,39,19267
6673705315e1f2006697c6da,mGuOzVm8KqbWThOViKym,mGuOzVm8KqbWThOViKym_reading,95,1391843,998821,393015,25,910888,11,37963,36,19678
6674ae115abf5a938c5e7c3d,7peMOx45sFN8nfSADBwH,7peMOx45sFN8nfSADBwH_reading,20,2535645,1845968,689665,4,449007,3,11345,13,5213
66759b71393cdf8c9276b688,42uFyVa55o8gdhu7cpe7,42uFyVa55o8gdhu7cpe7_reading,,1327168,1327167,0,1,74794,1,3221,3,1244
667634625cc34d5ac97492bf,o3K0xzzMR94EaSgBur6x,o3K0xzzMR94EaSgBur6x_reading,177,1408255,1286088,11256,10,758673,9,29960,148,62203
667e3c908dfe54c0973bbe34,ac0hznSEOVZG1Ed4ACuG,ac0hznSEOVZG1Ed4ACuG_reading,86,1291848,1083759,208075,10,501931,7,24315,60,33370
66817f4754e17e6ec71a44b0,sjoBEOAqGin9LsOSFdmi,sjoBEOAqGin9LsOSFdmi_reading,20,1277352,1277352,0,14,1144448,2,6450,18,6870
6682c269b9b9b8b8bcdffa07,qbqCPpdPlUXruxS3d5w4,qbqCPpdPlUXruxS3d5w4_reading,116,1468207,994775,473406,26,407226,11,37745,60,27605
66845d64ef9123bc488e1242,RWdZPCMvhGpyIInBxadB,RWdZPCMvhGpyIInBxadB_reading,307,1579988,685923,734114,18,432431,20,69143,212,64456
66857a5b6efcd1cf07b88707,Call5IOWFdawqkUsZHl8,Call5IOWFdawqkUsZHl8_reading,122,1453937,626911,570334,24,570569,6,17062,32,16433
66881fbe723bc57d75a2c268,w4h9wyGG6dpS4RtOFSYD,w4h9wyGG6dpS4RtOFSYD_reading,20,1259235,846298,412935,7,777565,6,18406,17,17867
66882d9207bafe4863311ddc,YWnRuHAjmdQVRHGQnetp,YWnRuHAjmdQVRHGQnetp_reading,62,1380690,1380690,0,14,1169402,6,20783,38,15917
668d16ae27f1ad4461650742,PZR0djD5TiDLq9ymyfQp,PZR0djD5TiDLq9ymyfQp_reading,85,1311895,1263011,48874,24,1184608,7,23421,32,20706
668edb3b608a3d4537e2da08,21uiLaXDSBLnJY5nFvfN,21uiLaXDSBLnJY5nFvfN_reading,107,1460589,342326,1118250,14,223733,11,34492,50,35153
668eec6ed561b72c282fc11a,dWD3l9gGAW4TXIAsmFff,dWD3l9gGAW4TXIAsmFff_reading,126,1430066,230280,897607,2,12918,9,28996,112,31599
669d6e67b980bf3846b82e8f,JePC5loumrAQdo0NVrq7,JePC5loumrAQdo0NVrq7_reading,104,1462917,1462916,0,28,1305330,14,47834,62,30675
669eba3ad8d7d49177bc50d0,ng7KNvlE35yMJEAusAwq,ng7KNvlE35yMJEAusAwq_reading,61,1281433,856331,425100,12,798453,5,16069,31,14835
669f1b414df434c089390389,UbRzyFdXrcTCKn4GHaV9,UbRzyFdXrcTCKn4GHaV9_reading,62,1841128,1841128,0,34,1683562,8,27080,39,22168
66a2741b8cc4486c4d2032d9,emZ2kUraFCHPW6u0gyns,emZ2kUraFCHPW6u0gyns_reading,252,1518885,991995,526657,36,1075836,17,47393,104,48068
66a819b2c3eb66cffc47e808,Oyx8k1JvCYTIFW7xm6KP,Oyx8k1JvCYTIFW7xm6KP_reading,84,1332325,1332325,0,24,1071830,9,30547,65,29797
66b2c7262f4631f5eea8e729,ngBXkyeBRlHNbFkeesiU,ngBXkyeBRlHNbFkeesiU_reading,133,1282649,630846,21642,5,557281,12,32720,44,19840
66b8e8f12fa9160e4ca9f25b,CW9vXkNqFHh2osKM2dah,CW9vXkNqFHh2osKM2dah_reading,102,1342387,1267291,75082,38,1102251,12,37883,48,31684
66b9a0475a301eacdfb5e608,UMiVvY0HD0lxs0QCclZZ,UMiVvY0HD0lxs0QCclZZ_reading,44,1298726,1298726,0,24,1060303,3,8459,31,11312
66ba2139a67c5c99778a6766,zfhO001baQTcxlyTHgzj,zfhO001baQTcxlyTHgzj_reading,185,1456297,799202,657082,25,602536,18,56106,112,57188
66bd73db3481a3d17695c23e,o9t9sL52P5aU35AlvZE6,o9t9sL52P5aU35AlvZE6_reading,61,2184373,2184373,0,28,1028791,16,49968,34,22267
66be213d651dff72ff117b7d,7wrHj1gkxe7BpoTOuJ2w,7wrHj1gkxe7BpoTOuJ2w_reading,63,1331032,1331032,0,23,679656,9,31610,35,11951
66beb7a1951f8a18b03cd9c5,rFQRovjOT3N5qky91a6R,rFQRovjOT3N5qky91a6R_reading,104,1295644,1295644,0,37,1096897,13,42977,53,19815
66bfe5ecc23f1e2109f144d6,AUrGoBvvveLCZnuhHMJG,AUrGoBvvveLCZnuhHMJG_reading,563,1436676,1436676,0,40,1344301,8,24997,88,21934
66c33e386baa1ae990d7165d,HWh0JMtDFiICelV1rxbS,HWh0JMtDFiICelV1rxbS_reading,303,1538332,1532781,5547,37,1144259,20,61779,253,98888
66c344f0ca88e523ebbc35a2,MmueIydpYgOORBkBA329,MmueIydpYgOORBkBA329_reading,20,1533450,230265,1303184,5,64741,4,15072,11,9207
66c36df59f1061046b7ea01b,lOZOCeBUTY7wNFO8eQyi,lOZOCeBUTY7wNFO8eQyi_reading,45,1327716,1327715,0,6,989568,4,13917,35,15408
66c6b37d82e002e73e1fbd2d,rbt2TAYPVAL1KzSaaeot,rbt2TAYPVAL1KzSaaeot_reading,41,1413436,1302753,10652,8,1265455,1,2647,31,17180
66c8842e8667d7d2dd040001,u68zJKU19oT5fF4K751O,u68zJKU19oT5fF4K751O_reading,67,1259128,1259128,0,36,675893,5,17810,26,11797
66c8ee23967e42b053411eee,SKYpbK9AAxArWSCnEPgU,SKYpbK9AAxArWSCnEPgU_reading,197,1410472,1333976,76299,18,1054456,16,52551,146,66945
66cc4546f9e3a25d2adc51c8,jVQd3EWqeZ72jHmHzR69,jVQd3EWqeZ72jHmHzR69_reading,106,1301330,779145,87304,28,691045,11,35918,34,20316
66cdf006dc37b68c08c84ac5,8oGYYKjEy5AT1fjaEV81,8oGYYKjEy5AT1fjaEV81_reading,501,1619037,1101238,517159,41,636851,41,127426,297,166447
66d470efae87ffb63c6ee75b,XvZ9q1Q26oPEUZczfwn1,XvZ9q1Q26oPEUZczfwn1_reading,144,1325949,1036946,288994,20,866952,20,63841,87,44641
66d753769fda18f114e0e534,Rsq1UrIhWjscgFV84Bwh,Rsq1UrIhWjscgFV84Bwh_reading,225,1505504,588912,916546,29,282050,47,154120,125,54585
66d921d24ea620ae6b29d74b,0jfyW2yC02vnNyvPBdiw,0jfyW2yC02vnNyvPBdiw_reading,61,1274019,1262136,11875,36,1177397,4,11685,15,7900
66e04b2f9cd94406f2da8f42,XixJpaLZOwesdleeMjKp,XixJpaLZOwesdleeMjKp_reading,233,1481200,1441183,40010,50,911103,30,92771,133,80679
66e1fe0eef87e2486f0f4ca1,IY800byYR7z5VQdsCLSN,IY800byYR7z5VQdsCLSN_reading,128,3440767,3440767,0,19,900306,16,51910,96,47045
66e3151584ce7d01596d194a,1RvazM1mZ5ZuHWrpf2Hl,1RvazM1mZ5ZuHWrpf2Hl_reading,285,1604945,1042347,562446,11,839738,22,63075,163,96322
66e4fc9c0c958246837a6941,pIBCjPQnnG4WnHdmNjOT,pIBCjPQnnG4WnHdmNjOT_reading,38,1327268,919479,407783,9,841813,3,8530,19,12024
66e84a9aeb1250e4e671ae2c,KPpkKRjHa4iZESIDkIFL,KPpkKRjHa4iZESIDkIFL_reading,38,1863038,968980,894056,2,943393,3,8426,15,12931
66f0457846752930b55150a3,LqLm66bu1qfIkz2bGCiK,LqLm66bu1qfIkz2bGCiK_reading,200,1384739,903034,481640,39,802480,11,31163,65,32057
66f0765bb7f6c2ae6ef721ee,Mvijy9Z3T0K2wp3Upo7t,Mvijy9Z3T0K2wp3Upo7t_reading,111,1284068,1270977,13071,24,1174230,15,49231,42,17873
66f23f43364a3d1b7b018f27,cncN3mzNWfuSj0AQ88Km,cncN3mzNWfuSj0AQ88Km_reading,40,1366444,1366444,0,7,631033,6,21353,29,19595
66f59c766e7e22e1f90d08f6,lIXFRLbQWR09dEoODXVd,lIXFRLbQWR09dEoODXVd_reading,243,1363450,582309,1915,17,402301,22,71962,98,40430
66f99699f2bb894cbd57209f,OgRRZOh3RQG04TOP0x5y,OgRRZOh3RQG04TOP0x5y_reading,41,1381809,1084493,297303,12,971111,7,22789,17,9349
6701cdb7d312f798d316810e,WXHyvAxZXAqUMBlOjUl4,WXHyvAxZXAqUMBlOjUl4_reading,294,1693056,1693055,0,55,1127084,30,91435,212,92308
6703370d69c922c9c282ef5c,UtoDPegJTtMYNtR62ksg,UtoDPegJTtMYNtR62ksg_reading,87,1687816,1687816,0,34,1143562,26,89173,34,24611
6704025bdd15dcd73f54125a,r46UbPe4f1QCBvG5QFzA,r46UbPe4f1QCBvG5QFzA_reading,83,1301876,892407,409458,18,799868,11,36166,33,13014
6708e405424678d90434ac89,4oE89r2qDXhXMb1y50nX,4oE89r2qDXhXMb1y50nX_reading,150,1509850,1132008,377748,48,904493,8,25635,83,42154
670da3fd0b8a2f7a542a2b24,HkiHviIHzQOQkfONk9TE,HkiHviIHzQOQkfONk9TE_reading,143,1644981,214372,1430596,7,113937,12,47415,38,19806
670fb18f6f6ca0d7257a9302,wmHdPqSrc7siYZ6XZ0MU,wmHdPqSrc7siYZ6XZ0MU_reading,80,1352523,321880,901705,7,279493,5,16880,20,13427
6712c4178dc857f9a720852b,kpDusdiT0j7rdpmwPQXF,kpDusdiT0j7rdpmwPQXF_reading,83,1331072,720284,240489,30,580952,7,25195,31,18858
6713a6a34b872f10e42e1502,zgfULFYR2pMq0o7hQdzj,zgfULFYR2pMq0o7hQdzj_reading,287,1824145,1190562,552862,14,885482,9,25106,241,113846
6717f85a6a89e8cd9b165aaf,txdMucKsYSkY5qWqUWu5,txdMucKsYSkY5qWqUWu5_reading,125,1351566,1315389,7760,56,1118345,28,94445,36,21644
6718fa3043e1839e51351385,aRYSCYEMTHeo5nG5SfUn,aRYSCYEMTHeo5nG5SfUn_reading,80,1403248,641190,762028,10,780811,5,14188,38,13263
67191218806a2b419b243e5c,ElFIgDs9Sy9HzpbEwoRC,ElFIgDs9Sy9HzpbEwoRC_reading,197,1842192,1842192,0,47,1402657,37,114730,115,86099
671cdd2146a2a9d3d0535132,fDACpIZowHUGbC4qsJne,fDACpIZowHUGbC4qsJne_reading,124,1394266,70171,1324019,2,14590,6,18646,61,11983
671d772447cf5a3419817702,1WzTxIrsPLB1YhR22USp,1WzTxIrsPLB1YhR22USp_reading,,21589428,21587597,1827,0,0,1,2310,0,0
6722ceb13a02b06603b7b285,pkVCSX68d7KoB8XT001m,pkVCSX68d7KoB8XT001m_reading,186,1328875,1204968,123863,26,966720,13,36080,88,48108
6724d3673a5391f6e028d659,4ucQFHIIa8ktqiilZbxx,4ucQFHIIa8ktqiilZbxx_reading,423,1635785,1635785,0,42,1038837,36,113576,345,198734
672501c7bc2f7f52114f2a5e,ZiNOwuXXcAuJyqvYLxlI,ZiNOwuXXcAuJyqvYLxlI_reading,255,1462234,1017919,35466,41,698860,28,85692,164,104687
672539aa74aa5a08ab440626,fCQzC7X1mkLH73X0xBmZ,fCQzC7X1mkLH73X0xBmZ_reading,139,1390259,620834,379033,24,526617,5,17170,56,22956
6726175b381af01a5aaef18a,wSYr4gn6EfwSqGqYAVwq,wSYr4gn6EfwSqGqYAVwq_reading,34,1279381,337772,739517,4,302608,1,3833,18,5987
672695e93764017bcf01d69b,3Yfip4DcDLe6aaywpu91,3Yfip4DcDLe6aaywpu91_reading,43,1289088,753143,2865,15,570009,0,0,22,13470
672789bc7b3816f4f1a42e43,QWwgLXLA8HoXdD5b3fyM,QWwgLXLA8HoXdD5b3fyM_reading,61,1291265,1291265,0,33,1195026,9,29508,30,14664
6727e176e5f011b020a6a2db,CltPOb0paC9JMHIDRRG9,CltPOb0paC9JMHIDRRG9_reading,40,1332209,1332209,0,6,1252948,4,12470,36,18217
672946ef8187e4253c5ff800,PNMgXdKBVw4xSNRbXWvF,PNMgXdKBVw4xSNRbXWvF_reading,211,1556877,1556877,0,37,1080792,54,178400,135,94726
672a0f49692a1a87ac2772da,cxoEzOQHZSy8Edvg0NpP,cxoEzOQHZSy8Edvg0NpP_reading,319,2035972,897449,1138416,13,632210,25,84296,83,48858
672c99775b51436252e1b231,WYKTtO6JKQluUrSVkRvE,WYKTtO6JKQluUrSVkRvE_reading,110,1459716,1459716,0,23,1266905,9,32892,78,34199
672eeebde600098b4b65d4a8,5GPy1vmDVWseQVgw8i4v,5GPy1vmDVWseQVgw8i4v_reading,20,1351841,1351840,0,20,741007,1,3455,2,619
672f0e017c32cf8dfb315424,cm5xw1zAdd6wrr6cC4G9,cm5xw1zAdd6wrr6cC4G9_reading,126,2261741,850443,3991,37,685939,13,44016,67,38444
67311201ae5343816a576b29,gdkgODJLmj4QxbEnvOtd,gdkgODJLmj4QxbEnvOtd_reading,42,1298386,1298386,0,22,1193522,8,26839,22,10244
6736247083a7524dfeccab93,WLlko6L4dGSSZWXkTa6i,WLlko6L4dGSSZWXkTa6i_reading,190,1382866,1382866,0,29,1158771,8,24558,143,57286
67367a40e4abdcfbbaa00bcc,nxB9IA0BLN9a2YLeg1yd,nxB9IA0BLN9a2YLeg1yd_reading,166,1459435,1459435,0,54,1139906,13,40794,108,49224
673b7de4a2e905d7e456db70,IrcBPDcFQFtgaRyUScIN,IrcBPDcFQFtgaRyUScIN_reading,122,1419044,1419044,0,34,1291653,6,20154,96,20080
673df43bab9b5d6c0cba0f9a,u0NZfHqBMquNQeHr7gu0,u0NZfHqBMquNQeHr7gu0_reading,125,1434116,568959,847636,19,492189,9,28447,51,28827
6740b01583cadef1afebeb9d,oiyVQ948mhc54wPpf2wk,oiyVQ948mhc54wPpf2wk_reading,39,1332415,186688,1145715,5,148664,5,19705,12,6895
67425ff05a1e573622ade37a,vXQ6iOT222wn9W3MFXL4,vXQ6iOT222wn9W3MFXL4_reading,78,1357760,265424,574895,12,211750,8,25473,17,10247
67448035804444614abdcc6c,E591FDQpnxHgmEduYvqr,E591FDQpnxHgmEduYvqr_reading,20,1285009,134828,897224,4,110592,2,7201,7,2834
67449b2d46dfbc02a0f083b3,rAeKeVJ9EMYtEn8Kv78F,rAeKeVJ9EMYtEn8Kv78F_reading,98,1371941,1285496,86431,24,1109273,11,33047,40,22373
674696d5ad8d317b574a1344,fhfsILvmLTYrLrXvXcQh,fhfsILvmLTYrLrXvXcQh_reading,20,1859505,35748,5354,2,34881,0,0,4,871
6746e74a384ba0891f6de321,OB23XEYM8c6i3Z7tFu93,OB23XEYM8c6i3Z7tFu93_reading,248,1318874,993591,76145,28,855324,18,58685,102,48018
67496dea4b9483e93cf9d117,ReM4aAlJuNcir13BppIM,ReM4aAlJuNcir13BppIM_reading,19,1241205,11587,36470,1,11586,0,0,0,0
674cf1b47d6743e2ea091d98,BS61TF0uUPJsBF71pGnU,BS61TF0uUPJsBF71pGnU_reading,152,1436199,1320998,115192,32,1092324,19,59199,92,49346
67501946d923a3866d1635dd,pIii2SiL43Ck0Ijw7xuc,pIii2SiL43Ck0Ijw7xuc_reading,175,1512912,1512912,0,19,970089,33,99072,133,86901
6750963f80dc9a9b834ddbbe,StJa795VbuQzt6Z9LfIR,StJa795VbuQzt6Z9LfIR_reading,163,1318498,1071330,103904,12,948868,13,46547,63,34423
6756d8d07b3444c59eeff05c,XUG2DfWtBQxLRWtYT9WN,XUG2DfWtBQxLRWtYT9WN_reading,246,1509072,966312,113210,9,671000,9,27689,195,71999
675a69d88d29359682bcd4ec,zAul5nfVU00dbYUpa36u,zAul5nfVU00dbYUpa36u_reading,164,1293216,865264,3111,23,678149,5,17492,41,22804
676055d717c5c46b0800f479,hwLRUJJvjmtmAAyDG1Tc,hwLRUJJvjmtmAAyDG1Tc_reading,61,1277700,624342,653354,28,553846,9,31658,12,9638
67606c975d33dc79c280063e,RTaaH4OGCnED6dzpokAG,RTaaH4OGCnED6dzpokAG_reading,41,1301354,1301354,0,8,989944,2,6177,47,18479
6760b0825ab03ca48d4fb0de,reZkA9vxAq2PJ7p3pFu0,reZkA9vxAq2PJ7p3pFu0_reading,68,1289985,770073,519901,6,707750,3,8816,38,20927
6760f2ed5c7e5d977eb5bd54,7nxDCsad2n4U4f7LkALm,7nxDCsad2n4U4f7LkALm_reading,114,1448203,1448203,0,13,1090568,5,13920,94,38858
676276312d87ec9601be7d5c,1JXZGra01zb1L983GsyD,1JXZGra01zb1L983GsyD_reading,43,1882098,1882098,0,14,1787288,4,12740,33,13823
67657279b0bce380fa33721e,Nn5J3qSmN0LZFKAVKTq5,Nn5J3qSmN0LZFKAVKTq5_reading,66,1866238,1866238,0,31,1782883,8,26248,39,14219
6765c82c27f3e9e011d0d4d9,cOhEYV7obbJ41srew3O8,cOhEYV7obbJ41srew3O8_reading,38,1263571,214421,1049146,11,183644,2,6539,10,9570
676688f10526923c0a526ee4,QquLhfkHe59QXvKK3a2s,QquLhfkHe59QXvKK3a2s_reading,20,1255765,1255765,0,4,1060564,5,13869,19,5538
67682f4bf87d300e646e7371,0OoVTkpRpb9gW5OAYurU,0OoVTkpRpb9gW5OAYurU_reading,110,1311334,1297759,13567,38,1198403,11,30883,52,23771
676a2c97280c39f6edfd813e,91JBoNSz7XydyixUvYqF,91JBoNSz7XydyixUvYqF_reading,48,1236434,1048564,1968,5,277424,0,0,16,10102
676a86716dbe63bed7ae70a0,fIl5VCLOorah7wc79IjW,fIl5VCLOorah7wc79IjW_reading,80,1322792,808408,514365,19,450064,8,27542,32,14431
676aa62900acb7d40e4f03b7,o599cDGJ18PY9u33mzLQ,o599cDGJ18PY9u33mzLQ_reading,146,1728319,777392,950920,44,616732,20,65388,79,23797
676d346f257c35fb4c43e63b,duMeWagJ33kWayY5HOAm,duMeWagJ33kWayY5HOAm_reading,20,1241110,20863,983148,0,0,4,14738,2,1101
676ddbb4543c43071be7605d,IUI1FsdxctCctjUvFX3z,IUI1FsdxctCctjUvFX3z_reading,61,1319508,1276756,42743,13,1190451,5,14622,33,17593
676df4319d4ed64ca5e20cdc,Njt9Nc4kJV2F7Ps6EADc,Njt9Nc4kJV2F7Ps6EADc_reading,171,1900956,1890724,10227,26,1438689,17,60214,113,44827
67701cb8e95b8934348de694,kmvyf72wsvRYrbXSRCjG,kmvyf72wsvRYrbXSRCjG_reading,42,1584248,660037,65006,2,38590,2,5477,12,8506
6771ff8ec9ba55882b8c525c,PPyFxujjG3llUdhm983U,PPyFxujjG3llUdhm983U_reading,86,1246475,1246475,0,1,1099641,1,4874,12,3921
6773d6d84f06b14a316648aa,y5YEB5TtLIfeGAZfZmKm,y5YEB5TtLIfeGAZfZmKm_reading,67,1300096,1300096,0,16,928450,8,20360,45,20531
6773d9880060f6cfd67eca9b,f2EaFuOFh5fQXwdiEaUx,f2EaFuOFh5fQXwdiEaUx_reading,147,1334063,1017959,105312,35,873173,15,46376,101,32180
6773ea482c488f0e35bd7b5c,rikDrrsqDCDVl2fyJaQX,rikDrrsqDCDVl2fyJaQX_reading,108,1675556,961461,714090,29,879005,7,23269,42,15440
6775d2dc10021f9d74ab65aa,vEGFKncr2m4VY7rcOQcg,vEGFKncr2m4VY7rcOQcg_reading,122,1347452,959485,387951,22,845352,5,16551,80,27700
67767fa1109a4fa47a64748d,XJXBaNxPYxQtojedSILR,XJXBaNxPYxQtojedSILR_reading,20,1980577,1980577,0,11,1925033,5,18657,12,7237
6776c927f9dc484f730bf614,gTBQqu3NwWwyK8X867N1,gTBQqu3NwWwyK8X867N1_reading,505,1451536,1426356,25123,50,1125905,30,102189,328,101996
67781ffd92663e6f547722fd,xtcgr3JI4ZEzqbLkfTeE,xtcgr3JI4ZEzqbLkfTeE_reading,41,1294175,1294175,0,20,1191961,4,15424,25,8906
6779c8fd10ec19bf89b5f9d8,9XetjeoSenaRnLl5ymQu,9XetjeoSenaRnLl5ymQu_reading,42,1715167,1715167,0,2,1340026,9,28266,26,13724
677cb7bf838dfe3cab0a0bac,jsdSA70m5p0djFd2szsG,jsdSA70m5p0djFd2szsG_reading,53,1410727,56799,1199672,1,31068,2,6396,18,9732
677e66aeda5ddb35145c52eb,cShAYleSwiosLpWn3Arw,cShAYleSwiosLpWn3Arw_reading,108,1303709,1303709,0,17,1195806,5,14129,84,18777
677edcc906221d9231bd83d7,5hMKGAtJV60gWywdkVFn,5hMKGAtJV60gWywdkVFn_reading,20,1249629,1248995,634,15,1214374,1,3677,11,4854
67803a05b60a2727e9fa85b4,vTRC3V5QmDGiy5xyYcuf,vTRC3V5QmDGiy5xyYcuf_reading,91,1324064,131228,1192827,5,96110,1,2196,43,11903
6784cd4c648d7fe55ab2ff24,AO7vu03lLJOaFlix2W7W,AO7vu03lLJOaFlix2W7W_reading,20,1300524,1300524,0,15,948315,2,5880,17,3786
6786d7955dfbf40eae7ed3d9,V270sYsAo6VccSZwdn47,V270sYsAo6VccSZwdn47_reading,112,1346261,1346261,0,34,1092404,10,26867,77,33839
678850e350af39b7032dd102,HvVTCjwKsAkSuyrRLs2S,HvVTCjwKsAkSuyrRLs2S_reading,68,1296927,1296927,0,11,884665,7,22854,70,24161
678951eaacd3135a38c86ec9,bhwmM4fAfbMOm0FBhbOc,bhwmM4fAfbMOm0FBhbOc_reading,41,1294841,1294841,0,20,1197394,6,16032,36,16582
67895c8702d2c30bde3af96c,Bj1hgRwrOPIcDo8RCYnJ,Bj1hgRwrOPIcDo8RCYnJ_reading,206,1513092,899154,491298,37,738937,12,43686,105,37785
678b8b6f4d1425ef3b30bd32,FxLXSfgHk63ekpllvaPX,FxLXSfgHk63ekpllvaPX_reading,122,1646469,1646465,0,44,1333208,15,52051,64,31684
678f46cd0f21903076471f34,rQzSxlfMCL9HFZ0ovOyH,rQzSxlfMCL9HFZ0ovOyH_reading,41,1649308,1649308,0,8,1543692,4,12722,44,13004
67a42f4cbca316730e66e3d8,VhDrqLHGbdJaX2lWmuEx,VhDrqLHGbdJaX2lWmuEx_reading,128,1321470,1321470,0,35,594827,10,34991,72,32158
67a54503a9d38ce3140394eb,nCWbOOz8Wai8iS6aJ10q,nCWbOOz8Wai8iS6aJ10q_reading,141,1457880,875155,582690,26,716944,10,32156,65,34909
67ab5b2e65c4823c805570d4,tiUhHZB6spOO4517y3JP,tiUhHZB6spOO4517y3JP_reading,215,2128408,2128408,0,33,1066415,9,32224,45,22088
67ad2a2a71895bd3ece87c4d,aZ93qiCYwa8LPFELiUVR,aZ93qiCYwa8LPFELiUVR_reading,132,1382910,1382910,0,39,982227,18,53340,78,33863
67bc827bda4f8e3244e03c7a,rntSNbheN3YYodbxUZls,rntSNbheN3YYodbxUZls_reading,15,1307363,91716,1215644,4,78799,1,3140,4,746
67c03df83a4809152545cabd,ooXFsSRCrikOU1OpO6jr,ooXFsSRCrikOU1OpO6jr_reading,43,1506061,1506061,0,10,884918,7,23234,38,16060
67c4cf035a34c6ef254906e2,rjtOs4RpBoUQIrpmQPcw,rjtOs4RpBoUQIrpmQPcw_reading,64,1286136,1254558,31574,22,1179993,2,6744,41,14590
67cb40e5562e803bd6532a64,UUhR0FbQb4iEdB6UIKId,UUhR0FbQb4iEdB6UIKId_reading,,1811890,1620138,2113,2,1616319,0,0,3,2840
67d443ba0bb671a8f2a938a7,YR09eZzcmylRbTIUZiiA,YR09eZzcmylRbTIUZiiA_reading,18,2320058,35089,2284963,2,12794,3,10280,2,1129
67d97337faf4d981fef4baed,5KEpz5S0K9USZ6m5hPho,5KEpz5S0K9USZ6m5hPho_reading,125,1396799,1393602,3189,55,1118905,23,72207,48,40143
67e43d3171f3338caa047245,TF70dxGQvRBy9zNSiEEE,TF70dxGQvRBy9zNSiEEE_reading,62,1270296,1062356,207929,7,1020601,6,17314,20,10457
67e80fd6ef19882569cf49d3,zul7BS6UVOjxLv04IpEV,zul7BS6UVOjxLv04IpEV_reading,172,1537113,806559,730413,26,681353,14,43879,58,37968
67ee45a8f90e9989ba22c24a,SiLKhIfXBiGUDmi0DBaB,SiLKhIfXBiGUDmi0DBaB_reading,40,1529144,1529144,0,10,1017091,2,6201,16,7241
67f0440c8c9c5d41005a7beb,YT3i3gAP1WLRNTYQOb6j,YT3i3gAP1WLRNTYQOb6j_reading,102,1302509,561703,740796,32,470680,5,16454,65,31487
67fc2265467c0ab6f8114ce2,WMT5DoIlhzKjKnM7DIle,WMT5DoIlhzKjKnM7DIle_reading,301,1810472,1810472,0,41,1222094,26,77491,236,119630
68379f3fafa634a21d761586,BQITsy3EEbsTjEhS1E49,BQITsy3EEbsTjEhS1E49_reading,20,1253627,1253627,0,8,355921,0,0,11,3398
68729361bee62f6a3fb232ec,hbUDZxQfijMpQuAd1OCr,hbUDZxQfijMpQuAd1OCr_reading,107,1361486,1118786,242646,17,964583,10,31998,68,38873
6888f9158ab561d6bbcf7466,gOR9nNNgKOlxU5uT7kBk,gOR9nNNgKOlxU5uT7kBk_reading,83,1280984,193005,708907,6,163810,4,10970,23,7394
68964d2d26b7f42954329beb,yxMHXCvgbmWEWWowNBGT,yxMHXCvgbmWEWWowNBGT_reading,359,1595889,1595889,0,25,896390,97,290423,254,163847
691e376dcd6e82882b5f5a3f,DiW5Pw5XfC85TnG2M0V3,DiW5Pw5XfC85TnG2M0V3_reading,122,1286724,1283000,3717,39,1219218,0,0,22,7895
692632a21e521046ef338590,W1SBmO6MrR4UR9BC4HCW,W1SBmO6MrR4UR9BC4HCW_reading,83,1340774,1340774,0,25,1095694,11,38635,65,22580
692c55a22b643604a1e5b2b7,XwWZCGyQQSeFkocDmgmk,XwWZCGyQQSeFkocDmgmk_reading,106,1292407,1242669,3777,31,1136224,13,44621,32,21042
693aef92856f8d2a01f593f7,ufRqfNVBvdoZYtHNEnX4,ufRqfNVBvdoZYtHNEnX4_reading,39,1328262,1328262,0,17,941874,7,23340,15,5292
6941548fbd8b79fcf75cacc7,PyQSFYRACnmZ327LJ3Sf,PyQSFYRACnmZ327LJ3Sf_reading,142,1380769,616504,764248,27,516456,15,45729,35,24606
69416d053e537e4d1c275a3f,7RIAuUfQAT59acqQSzIw,7RIAuUfQAT59acqQSzIw_reading,127,1379068,1379068,0,36,1047281,9,30610,94,33896
69416d24e3dadef069de4f83,ShJc9mrZWHRzh5UgjDOd,ShJc9mrZWHRzh5UgjDOd_reading,40,1332527,1332527,0,21,999112,2,5228,18,15677
69416e7b2145d97eb0f931cb,t4xpjqvuAis39d4xafV7,t4xpjqvuAis39d4xafV7_reading,40,1469291,1469291,0,8,1244019,1,3341,0,0
69417dc7901519e2a9fb47a9,ljem8kmG3T6tEAvHjp6z,ljem8kmG3T6tEAvHjp6z_reading,340,1718978,1678300,40660,34,1206532,41,133749,234,102801
6942d12e93e20e19d2db3d33,SJdrosRtMQopXnAP45ya,SJdrosRtMQopXnAP45ya_reading,39,1269839,1220282,49553,10,963765,6,15505,19,10582
69438d3b4d5b93c9428698fc,JYDRJJZw4WrXh6vArdzT,JYDRJJZw4WrXh6vArdzT_reading,18,1275956,198361,1077590,3,190450,0,0,5,4091
6943e48fc43c953025c04e37,jOEnCNt6tSr6hs6aDrmV,jOEnCNt6tSr6hs6aDrmV_reading,127,1365974,1357050,8910,43,910809,5,19333,82,23467
694431339a077d45591b4e21,cFMu8VQzrjVRczEI1AAE,cFMu8VQzrjVRczEI1AAE_reading,346,1730470,823079,782202,29,556081,10,32992,221,76368
6944bbd7ad3276bb1858ede4,AyLOp2ODV5x4FePqZTHC,AyLOp2ODV5x4FePqZTHC_reading,144,1344274,1344274,0,19,1071379,13,40695,111,28947
694555b4beadda60a5901ec0,rjW7eqqZYDMen6bQAysY,rjW7eqqZYDMen6bQAysY_reading,20,1294243,1294243,0,6,517175,0,0,13,6404
6945d3294c8cf5eefa76293a,vKRUqjLDIc2Ko35I79BS,vKRUqjLDIc2Ko35I79BS_reading,244,1462438,1153242,288910,46,909528,31,103236,148,82649
6945f1dfce339124a8978f18,lYTroD6T6pRDE24psFlC,lYTroD6T6pRDE24psFlC_reading,174,1441569,1413214,28341,31,1082088,25,78197,116,86012
65b8b2bf8b3905b0efcb0fd3,qkIhuXZUZ1BhWPjhoECv,qkIhuXZUZ1BhWPjhoECv_reading,83,1335376,678530,447327,11,621150,4,15195,14,13131
