participantId,experimentId,nasaTLX_mentalDemand,nasaTLX_physicalDemand,nasaTLX_temporalDemand,nasaTLX_performance,nasaTLX_effort,nasaTLX_frustration,selfEfficacy_overallGoal,selfEfficacy_authorsReasoning,selfEfficacy_connectingIdeas,selfEfficacy_ownIdeas,selfEfficacy_alternativePerspectives,selfEfficacy_verifyCredibility,selfEfficacy_questionClaims,selfEfficacy_broaderImplications,llmUsefulness_overall,llmUsefulness_conceptHelp,llmUsefulness_findingsHelp,llmUsefulness_practicalHelp,llmUsefulness_timeSaving,llmTrust_competence,llmTrust_accuracy,llmTrust_benevolence,llmTrust_reliability,llmTrust_comfortActing,llmTrust_comfortUsing,attentionCheck_focus,attentionCheck_stronglyDisagreeCheck,demographics_age,demographics_gender,demographics_education,demographics_englishProficiency,aiUsage_frequency,aiUsage_toolsUsed,studyFeedback,surveyCompletedAt
5537b204fdf99b51eefed679,5KDdz1P54XXss53O8N2e,5,1,1,6,5,1,6,6,6,5,3,4,6,5,1,1,1,1,1,4,4,1,2,4,4,5,1,41,female,bachelor,native,sometimes,ChatGPT,,2025-12-22T11:07:18.589Z
5648e4bf20453f0012c5ad3a,JLMJnVsaQtUelZo1V6cr,6,3,3,7,6,2,7,7,7,6,4,5,4,6,6,6,5,5,3,5,5,6,4,3,3,5,1,54,female,master,native,very-often,Chat GPT,Good luck with your study! And Merry Christmas. There's some fun 'meeting' cracker-style jokes in the Ai transcript.,2025-12-23T12:09:30.622Z
5752e09ecd7e970007bd76df,o6sKo0BAvvbbc4VFMDbo,6,1,3,6,6,2,6,7,6,4,2,5,6,5,,,,,,,,,,,,5,1,30,male,master,native,often,ChatGPT,,2025-12-22T11:16:13.902Z
5805db219ff6120001a135a2,xWKQl56xQiefk0Xxt7V6,5,3,3,5,5,4,6,5,5,5,4,4,5,5,4,4,4,4,4,4,4,4,4,4,4,4,1,49,male,bachelor,native,often,"ChatGPT, Claude,",,2025-12-23T09:42:57.552Z
594dd3de0dd7710001aeb5e9,LpG8YZGE1WWLWQEeosfW,5,2,1,4,6,1,5,3,4,4,3,3,2,4,6,7,4,4,6,6,5,5,3,4,4,4,1,43,female,high-school,native,very-often,chat gpt,,2025-12-23T12:06:47.951Z
59b15324e79873000148879d,nTab7jOzRHjolAQjq9h7,4,1,1,7,7,3,7,7,7,4,1,4,4,7,1,1,1,1,1,4,4,4,4,4,2,5,1,34,male,high-school,native,rarely,"chatGPT, gemini",,2025-12-22T22:21:55.676Z
59dbd41ac0d35a0001294aa0,jCBKV3EamMMO3Czt2vWS,5,1,2,4,5,2,6,6,6,6,5,6,5,6,7,4,6,6,5,5,6,4,3,3,3,5,1,32,female,associate,native,sometimes,Gemini pro,n/a - thanks!,2025-12-22T14:26:17.384Z
5a068d5b074b190001251791,Wv5EruGYDP0p9jtKO33l,2,1,1,7,7,1,7,7,7,6,2,6,6,6,5,4,4,6,2,7,7,7,3,5,5,5,1,42,male,bachelor,native,often,"ChatGPT, Copilot, and Gemini",,2025-12-19T19:28:08.565Z
5a7f22ec0f1bce000121ef95,GGrIPEYz74MBx1bbEWXt,4,1,1,6,6,1,7,7,7,6,2,6,6,7,,,,,,,,,,,,5,1,62,female,bachelor,native,often,ChatGPT,Actually really helpful and I shall implement some of the ideas and statements given in my own meetings to improve them - thanks!,2025-12-22T09:51:42.153Z
5ade558c066c510001d43615,1odnJgCRuwmc886z6Jva,4,3,2,6,5,1,7,6,7,6,5,7,2,5,1,1,1,1,1,3,3,2,2,4,3,4,1,42,male,high-school,native,sometimes,Gemini,,2025-12-22T08:18:54.030Z
5aeb5c9f0f8859000190a19b,wQFIEdjp0lIUQ2f8DRcH,5,1,3,4,6,2,5,5,5,6,2,7,6,5,,,,,,,,,,,,4,1,32,male,bachelor,native,sometimes,"ChatGPT, MidJourney, Stable Diffusion",I found the tables within the article difficult to follow,2025-12-22T12:34:01.824Z
5b490bd59afec90001009679,csTlf2981LtcpzE2heGv,3,1,1,5,5,2,5,6,6,5,6,5,5,5,2,1,1,1,1,1,1,1,2,1,1,5,1,31,female,bachelor,native,often,ChatGPT CoPilot,,2025-12-23T07:38:56.151Z
5ba937d53c7a050001992e80,irynvOnl02CL1jqbROjF,3,1,2,6,6,1,7,6,6,6,2,1,2,5,1,1,1,1,1,1,1,1,1,1,1,5,1,35,male,master,native,often,"Copilot, ChatGPT","I wasn't specifically asked to use the GenAI chatbot, and I didn't use it as I'm capable of reading an article myself without AI doing it for me. However, so of the required questions in the survey assumed that I had used it.",2025-12-22T10:40:51.063Z
5be742dd0e366e000175c8ba,71Zltxc5R2hi5iLHJlCe,5,2,1,5,3,2,6,5,6,5,3,4,2,5,4,4,4,4,4,5,4,4,4,4,4,5,1,25,male,master,native,very-often,"Chat GPT, Gemini",,2025-12-22T18:18:41.279Z
5bffcca24f73310001c5597a,kEfUmFTlshuKekkytl9k,5,1,1,7,7,1,7,7,7,6,1,4,4,7,7,7,7,7,7,7,7,7,6,7,7,5,1,44,female,associate,native,sometimes,Co-pilot and ChatGPT,"I really enjoyed this study, thank you.",2025-12-23T11:25:46.805Z
5c4277ac1242910001bdbf1a,E6q3NXOWu8Pi6ThLaA8U,6,2,1,6,3,5,6,6,6,5,3,5,4,5,3,2,3,3,1,3,3,2,1,1,1,5,1,34,male,bachelor,native,never,,,2025-12-19T23:06:57.281Z
5c509487172b6c0001779b34,7PzgmGQT1E6rL3cSujpR,2,1,4,6,2,1,7,7,7,6,7,6,5,5,7,6,6,5,4,5,4,4,4,3,4,5,1,35,female,master,native,often,,,2025-12-22T12:44:05.477Z
5c86d5a58085800016135bd2,S7zaq6LMWGcLOfiTdxYa,6,1,1,6,6,5,6,6,4,6,5,3,4,6,5,6,5,3,6,6,4,2,4,3,5,4,1,42,female,bachelor,native,sometimes,Copilot,,2025-12-22T14:28:16.786Z
5ca62a239ffcce0001036b6b,fgtNvJcdmFDcy2mXVxJS,3,1,1,6,5,1,6,6,6,7,3,4,3,7,5,3,6,5,5,5,6,5,5,3,3,5,1,29,female,master,native,rarely,CoPilot,This was really interesting and will certainly impact how I approach meeting strategies in future,2025-12-22T12:14:48.431Z
5cd4ad19f014930017d35d6a,h1ujA85ksEDNldOgpihQ,5,3,1,7,5,3,7,7,7,7,4,5,6,5,7,7,7,7,7,6,5,6,7,6,7,4,1,42,female,high-school,native,often,Perplexity AI,None.,2025-12-22T11:05:45.202Z
5cdd11ab4ea13d0001a5c036,Zf4gbNKA4bWgvFtVcino,3,3,3,5,6,2,5,5,5,5,5,5,5,5,,,,,,,,,,,,4,1,40,male,high-school,native,rarely,None,,2025-12-22T16:03:10.167Z
5cde02d000d670000184ea3b,xkB7yNDPV8izBOyVepVK,2,1,1,7,2,2,7,7,7,6,5,3,5,7,1,1,1,1,1,4,4,3,5,3,2,5,1,33,female,bachelor,native,very-often,Gemini,,2025-12-20T22:55:59.212Z
5d09edb73d40080001655677,YEkRsyRuKQYfcAMN1YEZ,3,1,1,6,6,2,7,6,6,7,7,7,7,7,4,4,4,4,4,4,4,4,4,4,4,5,1,37,male,master,native,very-often,"ChatGPT, Copilot, Gemini",None of the sources were post COVID. It would be interesting to see a similar study after a greater shift to remote collaboration.,2025-12-22T15:38:04.473Z
5d67ed161976cc0019cc8a10,Ih7tdA6qZrd7T4M6YP6k,5,1,2,6,5,2,6,6,5,5,6,3,3,5,,,,,,,,,,,,5,1,54,female,bachelor,native,rarely,copilot,,2025-12-22T08:49:55.962Z
5d94ce7b72b4550016906484,dDdGEGVKBtdWookJEkg8,5,2,3,6,6,2,6,6,6,6,3,3,3,5,,,,,,,,,,,,5,1,31,female,bachelor,native,often,microsoft copilot,,2025-12-22T09:34:52.435Z
5d9b7c7efaa2860364b16476,NpggUHSCfGD0L17YoCDF,6,4,5,6,2,6,7,4,5,6,5,7,5,6,6,2,5,6,4,6,4,5,6,2,2,4,1,36,male,bachelor,native,very-often,"ChatGPT, Gemini",,2025-12-19T20:51:20.972Z
5d9cb58ee8783f0019c8bd06,FBf7zX7qdgQVYScqFw5A,5,2,5,7,7,3,6,7,5,4,2,6,1,6,3,4,4,5,6,6,7,6,7,7,7,5,1,38,female,bachelor,native,often,,,2025-12-19T23:30:48.613Z
5da78f61a60c0d0017d6ed89,foGpA2pxSBu3daJJxMfx,7,1,4,7,6,1,7,7,6,7,4,7,7,7,,,,,,,,,,,,5,1,40,female,master,native,sometimes,ChatGPT,,2025-12-22T22:07:17.793Z
5dcf14459595a105c52cd304,eEgicFZryM2qwheeB8eS,6,1,1,6,6,3,6,7,5,6,3,1,1,6,,,,,,,,,,,,5,1,32,female,bachelor,native,often,ChatGPT,,2025-12-22T10:12:15.999Z
5dd9a7ff98981d926df9ea18,ojTh9UyW1Th8mezo0FCS,4,1,1,7,5,1,7,7,7,5,3,4,3,6,,,,,,,,,,,,5,1,26,male,bachelor,native,often,"ChatGPT, Qwen, Deepseek, in-house model (company owned)","Really cool study although I would say I did finish reading personally a few minutes before the timer allowed me to continue, it was generally a good amount of time to read and take in the article though.",2025-12-22T06:37:08.067Z
5e1f06e67a9ded238481246e,kzOTLQe4Yc3fqXTmNWWO,5,1,4,4,6,2,5,5,5,5,4,3,4,6,5,6,6,5,6,6,6,4,4,3,3,5,1,31,female,high-school,native,sometimes,Co Pilot,,2025-12-23T12:07:07.234Z
5e299d8c2e9dc4000be0fde0,XL4wVgjnJj7j6UKbTmba,6,1,7,5,7,4,6,6,5,5,3,4,5,6,,,,,,,,,,,,5,1,31,male,bachelor,native,often,"ChatGPT, Copilot",,2025-12-22T13:02:13.670Z
5e3c29ac4c3831000c5bdb68,mg8QWlX06oYDKZNeRoeN,5,3,4,6,6,4,5,5,5,5,5,3,3,3,4,4,4,4,4,4,4,4,5,4,4,5,1,37,female,bachelor,native,often,"ChatGPT, CoPilot",,2025-12-23T11:39:45.308Z
5e6155e6f169c0046b6d6518,ew0Oi3X4BB6UNYa4GUKE,1,1,1,7,3,1,7,7,7,6,7,6,7,7,2,2,2,2,2,4,4,4,2,2,2,5,1,34,male,doctorate,native,rarely,"ChatGPT, Gemini",,2025-12-21T15:18:10.574Z
5e64da5ac34e832466061bf8,GdJwiwyTaSBT2HItDAPp,4,2,1,6,6,2,7,6,6,6,6,7,7,7,2,4,5,5,5,6,4,3,2,2,3,4,1,43,male,doctorate,native,sometimes,Mistral Le Chat,,2025-12-22T12:49:25.441Z
5e6e6497d33339419afd90f9,oeqjHjqWfisY0QbOLLJr,5,2,4,5,6,3,6,6,5,4,5,2,5,7,6,5,5,4,6,5,6,6,6,5,6,5,1,37,male,bachelor,native,sometimes,chatgpt,,2025-12-22T10:49:43.042Z
5e7ca836a60b642ec70880b1,O1vwITchcMOre9N357JN,4,4,2,6,4,2,6,6,6,4,5,4,5,4,6,6,5,5,6,5,5,5,6,7,7,5,1,31,male,bachelor,native,rarely,,,2025-12-22T20:21:00.956Z
5e7dd5b90923ad0009f80bbc,e8GmJ0XvFC9gwL9pJiQ0,2,1,1,7,4,1,7,7,7,6,6,2,2,7,,,,,,,,,,,,5,1,49,female,doctorate,native,often,"ChatGPT, Gemini",,2025-12-22T12:09:46.929Z
5e8307bae3b23d01d2259e4c,QgJYPhvOEOMISCOj5dIJ,5,1,2,3,6,3,4,5,4,4,3,5,5,5,6,6,5,6,5,5,5,6,5,5,5,5,1,59,male,high-school,native,sometimes,chat gp,"at points the info given just went over the same arguments on a continued basis, the ai actually gave some more useful help",2025-12-22T07:18:58.344Z
5e83425144753905a3a17ad8,S0RsN8X0DUDMEDyIhgQU,4,2,1,6,5,1,7,7,7,6,6,6,2,6,4,4,4,4,4,4,4,4,4,4,4,5,1,50,male,high-school,native,rarely,ChatGPT,,2025-12-22T10:57:44.044Z
5e999a581e025f1cfd5e7090,ZcGlYrnGNXwVDg4CGitT,3,1,1,7,5,2,7,7,6,6,2,3,3,6,5,4,5,5,7,7,6,5,5,6,6,5,1,31,female,bachelor,native,very-often,"chat gpt, co pilot",,2025-12-22T13:10:11.177Z
5ea9cc9195f36c126a27d0a7,X5JJzlgugqu87nJAyj34,7,1,1,6,6,3,6,6,6,6,6,6,6,6,5,5,5,5,3,4,4,4,4,4,4,5,1,33,female,bachelor,native,often,Copilot,,2025-12-22T09:25:04.320Z
5eb7c006b839846ea7a24178,ASH0R0O6bfOtJuGTcX0n,1,1,1,7,4,7,7,7,7,7,7,7,7,7,4,4,4,4,1,4,4,4,4,2,4,4,1,50,male,doctorate,native,very-often,ChatGPT,20 minutes was way too long...,2025-12-20T12:53:59.020Z
5f0e1fecdc728111e1f7d093,Dd13CgWILpfxSs7fhRUU,5,3,6,7,7,1,7,7,7,5,5,3,4,6,1,1,1,1,1,4,4,4,5,2,3,5,1,27,male,bachelor,native,sometimes,"ChatGPT, Gemini, CoPilot, Grok",Great study overall.,2025-12-22T02:50:16.196Z
5f42a27e49962e4a7045a7b0,P2BIsTYbNf5vbwlbjL57,2,1,1,4,6,1,4,5,5,5,5,5,4,6,2,2,2,2,3,3,3,3,3,3,3,4,1,36,female,high-school,native,sometimes,Gemini,,2025-12-22T17:03:46.621Z
5f4ae7cb6b68b56c2acb12c8,156ITSNqPsuY5IfL2Zbo,4,1,1,6,5,1,6,6,6,7,5,1,3,6,,,,,,,,,,,,5,1,45,female,high-school,native,often,ChatGPT and Claude,"I have been to meetings like those that seemed to be discussed in the article. In my organization, we tend to naturally do some of the outlined suggestions such as only inviting those relevant to the meeting. Most in our organization that would and do attend necessary meetings tend to be high performers anyway, so our main issue is meeting length. We have done too many marathons over the years, as many of us actually work quite independently from each other and departments are small, so there is some burn out from the past. We would put off meeting, but then when we did meet, there would be a lot to discuss piled up. Now we have learned to hold more regular and concise meetings to avoid this, and have been able to be much more effective and less dreading these long and tedious meetings.",2025-12-19T19:31:55.722Z
5f6e76757befe43b22307387,u70agQP99KnkPaoXG1qq,5,2,3,6,7,2,6,6,5,6,5,6,6,6,5,4,5,5,4,6,6,4,2,5,5,5,1,48,male,bachelor,native,often,ChatGPT,I enjoyed that - ty,2025-12-22T23:18:28.912Z
5f95e7c5e49c564a01f040aa,y32v6LefUczxAxklLE6I,5,3,2,7,4,2,7,7,7,7,7,5,5,5,,,,,,,,,,,,3,1,37,female,doctorate,native,often,Chatgpt and Gemini,,2025-12-20T02:25:18.060Z
5ff454f2f0b5ed607169fba6,ZXLJBbZzYuR2Oi9BJy1u,5,1,5,7,7,1,7,7,7,7,5,2,6,7,7,7,7,7,7,7,7,7,7,7,7,5,1,45,female,bachelor,very-fluent,very-often,ChatGPT and Copilot,I did not encounter technical problem with the study.,2025-12-22T05:39:49.544Z
601ac0440ae554365a73246b,kId0faSYfh5slBl0AKmj,5,1,1,5,3,1,5,5,5,3,2,1,1,6,7,6,7,6,7,7,7,4,5,6,6,4,1,29,female,master,native,often,ChatGPT,,2025-12-22T11:45:51.713Z
60673bc6496cefa66a61e737,RFahYgKlNHbvtaFtHVTs,5,1,1,7,5,4,7,7,6,6,4,4,4,5,,,,,,,,,,,,5,1,35,male,bachelor,native,often,ChatGPT,,2025-12-22T11:26:15.959Z
60c75879fdf6194f658272fb,qweek1z4Gu2iADeA5hv4,7,4,4,4,7,6,3,4,4,3,4,3,5,3,,,,,,,,,,,,3,1,24,female,bachelor,native,sometimes,none,no,2025-12-21T22:57:07.980Z
60d4558116de644bde568dde,vTCrmhwefckTiCdKvtio,7,1,1,7,7,1,7,7,6,6,3,1,2,6,4,4,6,4,1,4,4,4,4,6,5,5,1,31,female,high-school,native,very-often,Chat GPT,,2025-12-22T13:02:36.395Z
60d52a5dca16f851ab8b9b82,67hH5FJTOIvt2xZHtxYM,6,6,5,7,7,5,7,7,7,5,2,5,4,6,7,7,7,7,5,7,5,7,5,6,6,5,1,42,female,high-school,native,often,"gemini, claude",,2025-12-21T09:20:44.704Z
60e308bd29d04d6d790aa1ad,kDgqQJ4MDV4y1ZTUKWiC,4,1,3,6,4,2,7,6,7,7,6,3,2,6,7,5,7,6,7,7,7,6,5,6,5,5,1,32,male,bachelor,native,often,ChatGPT,,2025-12-22T03:34:57.187Z
6102053795bd9b55ab979a48,WnEvPvpbBJWCZgHpuuuy,7,1,5,5,7,7,7,6,7,7,1,1,1,5,,,,,,,,,,,,5,1,28,female,bachelor,native,very-often,"ChatGPT, Claude, Gemin",,2025-12-20T09:33:25.785Z
612198f856c9f4f2f02f7046,y2zrjoUagyQO9jEe8n51,7,7,1,2,7,2,3,4,4,3,4,5,3,4,7,7,6,7,7,6,7,6,7,4,5,5,1,27,female,bachelor,native,very-often,CHAT GPT,,2025-12-22T20:11:55.276Z
6127b32b912465823dca1e4b,vz0aPGGhYKUPyQpfooeV,4,1,3,7,5,1,7,7,7,7,7,5,6,7,6,5,5,6,3,6,5,4,4,3,3,5,1,42,male,bachelor,native,often,,,2025-12-22T16:24:26.503Z
613c927a3da2129cd285ef58,MQVax2V9muMfzH4Tg8SC,5,3,3,5,6,3,5,5,4,5,5,5,5,5,7,5,5,5,5,7,6,4,4,4,6,5,1,44,male,bachelor,very-fluent,very-often,"ChatGpt, gemini",,2025-12-22T18:38:51.780Z
614a0facaa13498cff401c41,Oj47qnEa4iAXshwTn3RM,3,1,1,4,4,1,4,5,5,3,4,4,4,2,1,1,1,1,1,4,4,4,4,4,4,5,1,25,female,associate,native,rarely,,,2025-12-23T12:05:25.527Z
614f7550e1d2a29137820173,dry6JzxvzpEqrjbnnGdK,5,1,3,6,5,1,6,6,6,4,2,1,3,4,1,1,1,1,1,1,1,1,1,1,1,5,1,36,female,master,native,sometimes,ChatGBT,,2025-12-21T09:06:36.179Z
61680035775d6be6c3034464,ncf6ilL8CQKsJLeZMTFz,5,1,1,7,6,1,7,7,7,7,5,5,6,7,7,7,7,7,7,7,7,7,6,7,7,5,1,41,female,bachelor,native,sometimes,"ChatGPT, Copilot for work",,2025-12-22T08:36:42.580Z
61684f48083b66cd4a37dfbb,zk0nOaly2dhW3rDDpsw5,5,1,2,6,5,1,7,5,5,3,2,1,4,6,7,7,7,7,7,7,6,6,3,3,3,5,1,22,male,bachelor,native,often,ChatGPT,,2025-12-22T16:56:04.533Z
62a2042e8813ab2f55d8ecf9,PfC33ZKbVQyZDbOQepeh,5,1,2,5,5,2,5,5,5,4,4,4,3,5,6,7,7,7,7,7,5,6,6,5,5,5,1,25,female,bachelor,native,often,chat gpt,none,2025-12-23T09:42:45.182Z
62b354926116305375200028,6UYVTtPZqDH6AP8RNSuY,3,3,3,3,3,3,2,3,3,2,4,3,3,3,,,,,,,,,,,,1,5,34,male,bachelor,native,sometimes,"Claude, Mistral, grok code",,2025-12-23T05:41:12.044Z
62b437a2dbff0b6b3d0121e4,jpEcNpSm8ZAdmS989pQN,3,1,1,6,6,2,6,6,6,5,4,6,5,5,7,7,5,5,6,7,6,6,7,6,6,5,1,32,female,bachelor,native,often,ChatGPT,N/A,2025-12-22T09:05:49.038Z
62da6a553aaca6fffb50307f,mHnkYhaXr6bBMqvmRGcQ,3,1,1,6,4,2,6,6,6,6,5,3,5,6,5,6,5,5,4,5,6,6,4,4,5,5,1,22,male,high-school,native,often,chatgpt,,2025-12-22T14:45:04.571Z
62e2f4973427f0ab91180361,hMzsckNLTyWW1fQrjXRG,5,6,4,6,6,3,6,6,6,7,6,6,6,6,,,,,,,,,,,,5,1,34,female,bachelor,native,sometimes,Chat GPT,none,2025-12-22T08:14:34.674Z
6318e2c61780455450fe4199,BNv5foLXnGjmF5uYKaGW,4,3,4,5,6,1,6,6,6,5,3,2,2,5,2,2,2,2,2,2,2,2,1,4,2,5,1,58,male,master,native,never,None,,2025-12-22T22:49:21.937Z
6328ea8c44e1e6f7180facd3,9BZpW6VaVHF93eG70y7E,4,4,4,7,4,7,5,3,4,5,4,3,4,4,5,6,4,4,3,5,6,4,5,4,4,5,1,25,male,bachelor,native,sometimes,Claude,No,2025-12-22T02:42:21.095Z
634d7fd5face88069f7ff6ff,HHz8obSjzbypCTIQVl5J,2,1,1,4,4,1,6,5,4,5,3,4,1,2,7,6,6,6,6,6,6,6,4,7,7,4,1,35,female,high-school,native,sometimes,chat gpt,,2025-12-22T13:50:25.803Z
6384fc5695a4edef691103c0,NhuzFczfMTaBt66x6OnX,5,2,5,4,6,2,6,5,5,3,2,2,3,6,5,3,5,6,6,6,6,4,4,4,4,4,1,41,male,bachelor,native,sometimes,Gemini,,2025-12-22T07:28:56.802Z
63cedf5f87024f8b1ad1023f,b7OQw9HRrSwTFOsqKfpc,4,1,1,6,5,1,6,6,6,4,4,5,5,5,,,,,,,,,,,,5,1,22,female,bachelor,native,rarely,CHATGPT,,2025-12-22T14:48:38.451Z
63cfefc43323e05d2a6f554b,Q6xKfZPf86n53gCl66NO,3,1,1,5,3,1,6,5,6,5,4,6,6,6,6,4,3,5,6,6,6,5,3,4,4,4,1,31,male,high-school,native,often,gemini,,2025-12-22T21:24:45.046Z
63d023f75eaafe675b6fa5fd,mYlzaViboWqSYi3CP0Xw,3,1,3,7,5,3,7,7,7,7,7,7,7,7,7,7,7,7,7,7,7,6,5,6,6,5,1,53,female,bachelor,native,often,"Microsoft copilot, chat gpt, Pi",,2025-12-20T06:18:25.932Z
63d1b1192b2b6d76dae50c06,axya34s1FGIXez3ctZNI,1,1,1,7,1,5,7,7,7,4,4,4,4,4,,,,,,,,,,,,5,1,27,male,bachelor,native,very-often,Copilot,,2025-12-22T16:52:57.380Z
63d2d8388a367c258ca82590,vpzQL2hC3ErSmTUaK24q,5,1,2,5,5,3,6,6,5,5,4,2,4,5,,,,,,,,,,,,4,1,52,male,associate,native,rarely,"CharGPT, Copilot",,2025-12-22T20:30:56.703Z
63d3fd5916541b5031bd4a3f,OMkeCIiMn7SXdm6J1crH,3,1,1,7,6,2,7,7,7,2,1,3,2,5,,,,,,,,,,,,5,1,44,male,master,very-fluent,very-often,"CoPilot, ChatGPT, Gemini",,2025-12-22T14:31:50.748Z
63efe25e481b721d4bcd9639,1nvkf83KHLzjAgNl48r4,3,3,2,7,6,1,7,7,7,5,3,1,3,6,7,7,7,7,7,6,7,1,4,4,7,4,1,26,male,high-school,native,very-often,ChatGBT and Gemini,None,2025-12-23T12:58:40.154Z
63fc7ac4c0ba10b71a25a63d,J4GbA94CHaaWdcQ0NXaS,4,1,2,6,6,1,6,6,6,6,4,3,4,6,2,2,2,2,2,2,2,2,2,2,2,5,1,58,male,associate,native,very-often,"ChatGPT, Gemini",,2025-12-22T07:56:49.084Z
64012ee6e3f2e59aaa36f718,pASsyWL7BeU8d2LHylSm,6,2,4,4,6,4,5,5,4,5,3,2,3,4,2,3,3,3,4,3,4,3,4,4,3,4,1,27,female,bachelor,native,sometimes,ChatGPT,none,2025-12-19T20:10:39.438Z
640349ae900739316aca0f9f,EN5BvdroxpPwpTiEm7rh,5,3,4,7,5,3,6,6,6,6,3,4,4,7,,,,,,,,,,,,5,1,64,female,high-school,native,rarely,ChatGPT,"It was a very interesting study, which really made me think - so thank you for that! I wish you all the very best with its outcome and beyond.",2025-12-22T13:04:28.677Z
644695d12dd99a1712dd84c0,RKN3czQkvNUU5ttarWYh,5,4,2,7,2,1,7,7,7,4,2,2,1,1,4,2,4,2,1,5,5,6,4,3,3,5,5,55,male,master,native,often,ChatGPT,,2025-12-19T22:31:15.406Z
64481bca476d6bfbae2066e2,f1OPhn14k8F7rGD1L8mJ,6,6,4,6,7,1,7,6,7,6,4,7,6,7,6,7,7,6,7,6,7,7,7,7,7,5,1,33,female,bachelor,native,often,copilot,no,2025-12-22T07:32:19.528Z
651d623cbdcb675cb801bc79,x5sYIrMm9w1ys3Jchr1i,2,1,4,6,4,1,7,7,7,6,5,4,4,6,,,,,,,,,,,,5,1,29,female,master,native,often,ChatGPT,N/A,2025-12-20T23:42:54.860Z
65216075939674db7a47e7d0,Yfw8NCvirVvm32ZHzZiJ,6,1,1,5,5,4,5,5,6,6,4,3,2,4,7,4,7,4,7,6,6,4,4,4,5,4,1,28,female,master,native,often,An internal AI for our company,,2025-12-21T03:16:27.010Z
653927811b00d4a0036cb7ab,3EZ8IRrVZzpDroqLAJlG,4,1,2,6,3,3,4,6,6,6,5,6,6,4,4,4,5,4,3,3,4,5,4,3,5,5,1,45,female,master,very-fluent,often,"Perplexity, ChatGPT, Grok",,2025-12-22T11:40:19.830Z
653ab786a5162b73aac38bc9,78C8AQfG2rCDiUEmjyok,6,1,2,6,6,2,6,6,6,7,6,6,6,5,7,4,6,6,7,6,5,7,7,5,5,5,1,53,male,doctorate,native,often,"ChatGPT, Craiyon, Pixverse",I don't really like meetings. I find them mainly useless and box-ticking exercises.,2025-12-22T11:54:12.444Z
654142b51c0cbebefa6f3ea0,ZIbsiXSnfrbUrBEYgzsh,3,1,1,7,4,1,7,7,7,7,3,3,2,6,7,7,7,7,7,7,7,7,4,5,5,5,1,38,female,master,native,very-often,Chat gpt,,2025-12-19T21:40:36.182Z
654a56ff9b8baf6c84eb9b69,17dMdN4BxHTnNsbKRHsN,5,1,4,6,5,2,5,6,7,5,6,5,6,6,4,5,5,7,6,6,6,7,7,6,6,5,1,34,male,master,very-fluent,very-often,"ChatGPT, Gemini","Good study, didn't need 20 mins to read the article but possibly needed slightly longer than 5 mins to answer the questions",2025-12-22T23:42:25.009Z
65706b89d4c6c32963d258e8,ycSqXvdB3Wbh1iG4ulRd,6,6,6,7,7,1,7,7,7,7,7,7,7,7,7,7,7,7,7,7,7,7,7,5,7,5,1,64,female,bachelor,native,often,Chat GPT and Gemini,no comments,2025-12-19T22:01:28.118Z
6598124cb009a156ae665edf,diGtl8DflcDIUP6aKG6k,5,1,1,4,7,3,5,5,6,6,4,2,5,4,,,,,,,,,,,,5,1,61,male,high-school,native,rarely,gemini,na,2025-12-22T08:52:18.457Z
659d4aadab2eb6b7a8cffb07,iQjS3eOikULjqU5DaPxQ,7,7,7,6,7,1,7,7,7,7,7,7,4,6,7,7,7,7,7,7,7,7,7,2,1,5,1,51,female,bachelor,native,often,"Gemini, Chat GPT",,2025-12-19T22:20:41.382Z
659d6ca29e5500da27f1cb5b,AOTDLxmpLc9JVxY8GHjR,2,2,1,5,5,1,6,5,6,4,5,6,6,3,7,6,7,6,3,6,7,5,3,2,6,4,1,30,female,bachelor,native,sometimes,chatgpt,,2025-12-22T20:33:26.558Z
65b65fdfb1aba2f7325fa073,cUjl1d7RaeYwiwbgh0le,6,3,2,6,6,1,7,6,6,6,5,5,6,7,,,,,,,,,,,,5,1,43,female,bachelor,native,sometimes,CoPilot and Chat GBT,,2025-12-23T12:15:07.101Z
65c637e0e76b878b89b9bae2,ijiQ82QNgphztukQKALV,5,2,1,6,6,2,6,5,7,6,3,6,6,5,1,1,1,1,1,4,4,4,4,4,4,5,1,35,female,bachelor,very-fluent,sometimes,Hippocratic AI and Nuance,,2025-12-22T10:15:37.460Z
65de3af8fcbc6ef9331bd863,LQH1zlNOtNql3tc1rKJr,4,1,1,5,6,1,7,7,6,6,5,3,5,6,5,6,6,5,3,6,6,7,4,3,3,5,1,53,female,bachelor,native,sometimes,Claude or Gemini,Thank you and I wish you the best in your research.,2025-12-21T04:58:20.867Z
65ef950203e4e8448c55e54c,FzanR5obi65ML0pmiN1X,5,1,4,6,7,1,7,7,7,7,5,5,7,7,7,7,5,5,7,7,7,7,7,7,7,5,1,49,female,associate,native,often,chat gpt,,2025-12-20T15:05:56.815Z
65f684e029d7c63f3338aed7,7gZ9bx5MiLPRidM0rULt,7,5,3,5,7,5,6,6,5,4,4,1,1,3,6,6,6,6,1,6,6,1,3,3,3,5,1,48,female,high-school,native,very-often,"I use it at work, as well as with my freelance at-home job. I also use it for random things, like finding new shows to watch, etc.",,2025-12-21T11:45:04.089Z
660477cf6f52f75e86f4f349,klwqVPzHrDRCRyC91yjv,5,1,1,7,5,4,7,7,7,7,4,2,5,7,6,6,5,5,7,6,7,7,6,3,6,5,1,27,female,master,native,very-often,"ChatGPT, Gemini, Perplexity, CoPilot","I only needed 10 minutes to read the article, so having the extra 10 minutes that I had to wait felt unnecessarily long. But I understand that in that time I mostly just reflected on my own workplace and our meeting structures.",2025-12-21T21:14:59.710Z
6604b10d7328536e5d9bb9db,UDYH0mJOXZJQVwFrkPiY,5,2,1,7,7,4,7,7,7,7,7,7,3,6,1,2,2,2,2,6,5,6,6,6,7,5,1,49,female,bachelor,native,very-often,chatgpt,thanks i enjoyed reading the article,2025-12-20T16:57:24.287Z
660c022ef20bb20404c76d8f,VRcVN1SABxvfK1dV19bY,3,3,5,6,5,3,6,7,6,5,4,6,6,5,,,,,,,,,,,,5,1,25,male,master,native,very-often,"ChatGPT, IBM AskHR, Co-pilot",,2025-12-23T11:53:41.316Z
660d7d551f8fb51d01193e78,gbivCtr1F8vLRLJLOjF5,3,1,2,7,3,1,7,7,7,6,5,3,4,5,,,,,,,,,,,,5,1,40,male,bachelor,native,often,chatGPT,,2025-12-22T16:32:33.397Z
660eb2ab66db1c0d3fa51a2b,mW4GjvZZDTi9KgI1g3sN,5,2,4,5,7,1,6,6,5,5,6,6,5,6,5,5,4,4,3,5,4,3,3,3,2,5,1,27,female,bachelor,native,rarely,ChatGPT,,2025-12-22T10:04:26.982Z
661149a91b7fad3a3d2caf0c,ppZ8MEFyTyLLnX2q049M,3,4,1,6,7,2,6,6,7,6,6,6,4,6,7,6,5,5,6,6,6,4,6,6,5,5,1,32,female,master,native,very-often,ChatGPT,,2025-12-22T08:47:53.393Z
661dd11d5523e507da514925,9pEKKp4XnWSy6h68Opp9,7,1,5,5,6,6,6,6,5,5,6,5,5,6,,,,,,,,,,,,4,1,33,male,bachelor,native,very-often,,,2025-12-20T02:59:47.434Z
662266d75f37a6781e7d67d7,0WHsISEsaS1STcn6cMpO,3,3,1,7,7,1,7,7,7,5,5,3,5,6,7,5,7,5,6,7,7,4,5,5,5,5,1,28,female,bachelor,native,often,ChatGPT,,2025-12-22T20:42:24.794Z
6629396278644f7ca5e5d017,QAuxkR8S6cpBgH0vKBiq,7,1,1,7,7,2,7,7,7,7,5,1,1,7,7,7,7,7,7,7,7,4,2,6,6,5,1,57,male,bachelor,native,sometimes,,,2025-12-20T18:25:55.594Z
66293ded22cbde752a3bbee4,3Dn9UAQAJp3WLwhyXna9,5,2,1,7,3,3,6,5,5,5,6,6,5,7,,,,,,,,,,,,5,1,58,female,doctorate,native,often,ChatGPT,"I kept thinking of how in my organization, the amount and types of meetings are often dictated by those not involved in those meetings.",2025-12-21T00:21:32.579Z
66293e1a129d3f87aa344b26,IdPbTYJkkwp2ctPuN4DM,6,1,2,6,7,2,7,7,7,6,2,2,6,7,1,1,1,1,1,4,4,4,5,3,3,5,1,54,male,master,native,sometimes,"ChatGPT, Gemini","I apologize in advance if I'm incorrect, but I'm quite sure I never received any instructions that said I needed to use the GenAI when reading the article.  I normally don't use GenAI when reading an article so I didn't use it at all when reading this article.  I understood all of the concepts and didn't need it for anything, so I didn't use it.  I consider my reading comprehension abilities to be quite high.  I'm accustomed to reading academic articles such as these in my current role at work, and in my past roles as an academic Librarian in both Community College and University settings.  This explains my responses in sections 3 and 4.  The article was thoroughly enjoyable to read, and I intend to utilize some of the information I learned from it for the meetings I organize in the future.  Thank you for the opportunity to assist you with your research.",2025-12-21T17:02:13.761Z
66364f7e853a9e70d8509fc7,vjsKEvqsKL5Du1htlqfU,6,6,3,7,7,2,7,7,7,6,6,5,6,6,5,6,5,5,6,6,7,6,6,2,6,5,5,30,male,bachelor,native,very-often,ChatGPT,,2025-12-22T08:59:00.418Z
66366f1058966314508ed6e4,4lX44NeUgad1zRQ8y5yi,5,4,2,5,7,1,5,5,5,5,5,6,4,6,7,7,7,7,7,7,6,6,7,5,5,5,1,55,female,bachelor,native,sometimes,Team Viewer,I have no further feedback.,2025-12-20T01:19:08.213Z
6647187677519b0df9ecb716,1TORDYQm6hZWun8Lk0ND,3,1,1,7,3,1,7,7,7,7,7,2,5,5,4,4,5,4,3,5,5,2,2,3,3,5,1,40,male,bachelor,native,very-often,"ChatGPT, Deepseek",,2025-12-22T08:32:10.303Z
66520da15457a5e65d2ec66f,S4r1I1A3vLlJwjkOWCvD,4,2,1,7,3,1,6,6,6,6,4,3,3,5,2,2,2,2,1,3,4,3,4,4,4,5,5,46,male,bachelor,native,very-often,ChatGPT and Copilot,No further feedback.,2025-12-22T09:27:48.420Z
66572ce80b83b5ae5cb07a0c,qPF4xDAEY7fmNQ3C5iZg,6,1,4,7,7,1,7,7,6,6,5,2,2,6,,,,,,,,,,,,5,1,53,female,associate,native,sometimes,ChatGPT,,2025-12-22T20:12:37.046Z
6658bd6af1e9209af5f89f53,v5GOJ3AZ7Slc18gYf33P,3,4,4,5,4,5,3,5,5,6,4,6,5,5,,,,,,,,,,,,5,5,28,female,doctorate,native,never,N/A,,2025-12-22T10:52:27.548Z
6658c063dd60f6a0b5dcb002,yZJYQSlPtoPhNnMCjQcF,5,2,1,5,5,4,5,6,5,3,4,4,3,5,,,,,,,,,,,,3,1,28,female,master,native,sometimes,Copilot,20mins was too long a time given.,2025-12-22T15:01:37.844Z
6658d234fa019e8f175c83f7,pZ71aohm70hZODjBcHgo,3,4,4,4,6,4,7,7,7,7,7,7,7,7,,,,,,,,,,,,5,5,32,female,master,very-fluent,very-often,"chatgtp, copilot gemini",,2025-12-22T17:01:56.982Z
6659e11957f1717b65111769,4Hfx8HW3BiE2QZbjyyKv,2,2,2,6,2,2,7,7,7,5,3,5,3,4,4,4,4,4,4,4,4,4,4,4,4,5,1,38,female,bachelor,very-fluent,sometimes,ChatGPT,,2025-12-22T05:51:58.869Z
6659ed0c83328ed788a7cf65,WikHwbscLBQ2dJOUG4Wi,5,1,2,7,5,1,7,7,7,6,5,5,5,6,,,,,,,,,,,,5,1,29,female,high-school,native,rarely,ChatGPT,,2025-12-22T12:36:27.693Z
6659fdc13bceed5a87541da4,pVNJTas3xfkn7L62H2iq,6,3,2,6,6,1,6,7,6,5,5,6,3,6,6,5,6,5,3,6,6,6,5,5,6,5,1,45,male,high-school,native,often,"Copilot mainly, occasionally ChatGPT",Only feedback would be the references noted in the paper - I would think there should be some more updated references to use due to the improvement of technology over the past 15+ years.,2025-12-22T14:01:00.357Z
665a16dd2db5a0dff976ea9b,MgJz3SjVQFLrZ9qBy3MG,6,3,1,6,7,1,7,6,6,6,6,5,7,6,,,,,,,,,,,,5,1,22,female,high-school,native,often,Chat GPT,,2025-12-23T09:02:21.052Z
665b5ab06f53305291fbf9cc,8SmOjN3701TXxLnO9FUc,2,1,1,6,2,1,7,7,7,6,2,4,2,7,7,7,6,5,6,7,7,6,6,6,6,5,1,25,male,high-school,native,sometimes,"ChatGPT, Gemini, HubSpot built in AI",,2025-12-22T13:39:03.556Z
665ba5fad0a8c603ab8b5242,TyRovBV8w9M5oVUVrKWL,6,2,2,6,6,4,6,6,6,6,6,6,6,6,7,7,7,7,7,6,5,5,6,6,6,5,1,28,female,bachelor,native,very-often,Gemini,,2025-12-22T10:55:00.148Z
6660df77324bd52e8dbce2ef,WnVKMwyqdQqyDa42qoAw,7,1,1,6,7,1,6,6,7,7,6,7,6,7,,,,,,,,,,,,5,1,46,female,master,very-fluent,rarely,chat GPT,thought provoking..thanks,2025-12-22T10:36:12.293Z
666182516b3e1f1fdb4f345a,6P3lcDBmG3halaneg2Mo,5,1,1,7,5,1,7,6,6,7,5,4,5,6,2,2,3,4,3,4,5,5,2,5,5,4,1,58,female,bachelor,native,rarely,"ChatGPT, Gemini","I felt the time allowed for reading was too long, but appreciate I am a speed reader and not everyone is.  Would have liked the option to end the reading window slightly sooner if ready to move on.",2025-12-22T13:50:29.633Z
6665aacb7549bd73950c9e6b,ibzp1IeVJPfTEJTQAMum,5,2,2,6,6,1,7,7,6,5,1,6,6,6,,,,,,,,,,,,5,1,41,female,bachelor,very-fluent,rarely,"chatGPT, Gemini","the study was clear and well structured , i like it very much , thank you !",2025-12-22T10:16:25.455Z
6665e9f9b49082f6458c687d,EX0hNZZwtxvRI6vmyYaH,7,5,3,6,5,4,6,6,7,5,4,5,4,6,6,7,7,5,7,7,6,6,6,4,5,5,1,36,male,master,very-fluent,sometimes,ChatGPT,N/A,2025-12-22T13:45:33.985Z
666640831e2f8d963f8c528f,iX0kSvMdQQdKsLG8XMFj,6,2,1,5,7,6,7,7,6,5,7,3,6,6,7,7,7,7,7,7,6,6,7,7,7,5,1,26,male,bachelor,native,very-often,"Copilot, ChatGPT",,2025-12-23T04:27:18.913Z
66708fa4dfe022dbed4cae9c,XSJjhwYDnQIcank5ykoA,3,3,2,5,7,3,5,5,5,3,3,5,4,6,4,4,4,4,4,4,4,4,4,5,5,5,1,22,female,associate,native,rarely,,,2025-12-19T20:03:47.218Z
6671f8979384370db5e1c713,7QgKJYwJNwkwGKenqdUi,6,1,4,5,6,1,6,6,6,5,4,2,3,6,4,6,6,3,2,4,4,3,2,2,2,5,1,52,female,master,native,rarely,Copilot,"it was interesting to read and think about purpose and planning of meetings, as we do not receive training about ths",2025-12-22T08:39:22.853Z
6673705315e1f2006697c6da,mGuOzVm8KqbWThOViKym,6,1,2,6,5,4,6,7,6,5,3,2,6,5,2,4,3,2,1,2,6,5,5,6,6,5,1,58,male,master,native,often,NIPRGPT,Reading article was very boring,2025-12-19T23:05:54.775Z
6674ae115abf5a938c5e7c3d,7peMOx45sFN8nfSADBwH,5,2,3,7,7,1,7,6,7,7,4,2,3,5,4,4,4,4,4,4,4,4,4,5,3,5,1,42,female,high-school,native,sometimes,ChatGPT,"I assume ""strongly disagree"" in the last question refers to #1!",2025-12-22T17:12:51.073Z
66759b71393cdf8c9276b688,42uFyVa55o8gdhu7cpe7,6,1,4,6,6,2,6,6,6,6,3,4,6,6,,,,,,,,,,,,5,1,47,male,bachelor,native,often,"ChatGPT, Gemini",,2025-12-22T09:56:18.310Z
667634625cc34d5ac97492bf,o3K0xzzMR94EaSgBur6x,6,2,3,6,6,2,7,7,7,5,5,5,6,5,7,6,6,6,6,7,7,6,6,6,7,4,1,52,male,bachelor,native,sometimes,chatgpt,"no issues, nice study",2025-12-20T15:34:48.771Z
667e3c908dfe54c0973bbe34,ac0hznSEOVZG1Ed4ACuG,6,1,2,6,7,4,6,6,6,7,5,7,4,4,4,4,3,4,3,5,5,4,4,4,3,5,1,51,female,high-school,native,sometimes,Chat GPT and Gemini,"This was a great experience, thank you for the opportunity to participate in this study",2025-12-21T22:05:24.257Z
66817f4754e17e6ec71a44b0,sjoBEOAqGin9LsOSFdmi,5,3,4,4,5,5,4,4,4,5,5,5,5,5,,,,,,,,,,,,4,1,37,female,associate,native,very-often,ChatGPT,,2025-12-20T18:31:04.628Z
6682c269b9b9b8b8bcdffa07,qbqCPpdPlUXruxS3d5w4,7,7,1,3,7,7,5,5,3,7,7,1,4,7,7,7,7,7,7,7,7,7,7,7,7,5,5,43,female,high-school,native,very-often,"ChatGPT, Gemini, Grammarly",I was focused but it was lengthy and I am not extremely interested in the intricated details of the subject. I know that meetings are annoying because I tend to fall asleep.,2025-12-20T03:24:08.916Z
66845d64ef9123bc488e1242,RWdZPCMvhGpyIInBxadB,4,1,1,6,3,2,6,6,6,7,5,2,3,7,7,7,7,7,7,7,7,7,6,6,6,5,1,29,male,master,native,very-often,"ChatGPT, Claude, CoPoilit, Emergent.sh",All good,2025-12-22T09:02:57.962Z
66857a5b6efcd1cf07b88707,Call5IOWFdawqkUsZHl8,3,1,1,6,7,1,7,6,7,6,2,2,3,5,6,5,6,7,4,6,6,4,5,5,5,5,1,50,male,bachelor,native,very-often,ChatGPT,"Nothing to add, although will implement some of the findings",2025-12-22T14:20:45.183Z
66881fbe723bc57d75a2c268,w4h9wyGG6dpS4RtOFSYD,5,2,1,6,7,2,7,7,6,7,7,6,6,7,7,7,6,7,6,5,6,7,7,5,7,5,1,59,male,bachelor,native,often,"ChatGPT, Claud",,2025-12-20T05:44:15.553Z
66882d9207bafe4863311ddc,YWnRuHAjmdQVRHGQnetp,6,2,4,5,6,3,6,6,6,6,5,4,4,5,,,,,,,,,,,,5,1,30,male,bachelor,native,never,Our work does not allow AI,none,2025-12-19T23:55:25.380Z
668d16ae27f1ad4461650742,PZR0djD5TiDLq9ymyfQp,5,1,5,6,6,1,6,6,5,5,5,3,4,5,1,1,1,1,5,4,5,3,2,5,5,5,1,38,male,high-school,native,often,"ChatGPT, Claude, Co-Pilot",,2025-12-22T11:07:40.548Z
668edb3b608a3d4537e2da08,21uiLaXDSBLnJY5nFvfN,5,6,2,6,7,3,6,5,7,5,7,5,3,5,5,7,6,7,6,7,6,6,6,6,7,5,1,52,male,bachelor,native,very-often,"ChatGPT, Grok, Claude",,2025-12-20T05:48:20.180Z
668eec6ed561b72c282fc11a,dWD3l9gGAW4TXIAsmFff,1,1,1,7,1,1,7,7,7,5,3,7,5,6,3,5,4,5,4,6,7,5,3,4,2,5,1,32,male,associate,native,very-often,ChatGPT grok,,2025-12-21T08:17:07.948Z
669d6e67b980bf3846b82e8f,JePC5loumrAQdo0NVrq7,6,2,1,6,5,5,6,7,5,6,4,5,6,5,,,,,,,,,,,,5,1,32,male,master,native,sometimes,ChatGPT,,2025-12-22T18:46:07.744Z
669eba3ad8d7d49177bc50d0,ng7KNvlE35yMJEAusAwq,4,2,4,6,5,4,6,6,6,5,4,5,5,6,4,4,4,4,4,4,4,4,4,4,4,4,1,64,female,bachelor,native,often,copilot,,2025-12-22T16:06:49.589Z
669f1b414df434c089390389,UbRzyFdXrcTCKn4GHaV9,6,1,4,7,7,1,7,7,7,7,7,7,7,7,,,,,,,,,,,,5,1,39,female,master,native,never,,,2025-12-20T05:18:11.281Z
66a2741b8cc4486c4d2032d9,emZ2kUraFCHPW6u0gyns,4,2,4,7,4,1,7,6,6,7,7,7,6,7,7,7,7,7,7,6,6,6,6,5,5,5,1,28,female,master,native,often,"ChatGPT
GitHub
Copilot",The study was well structured.,2025-12-22T09:47:59.671Z
66a819b2c3eb66cffc47e808,Oyx8k1JvCYTIFW7xm6KP,5,2,2,5,6,3,6,5,6,6,4,5,4,6,,,,,,,,,,,,5,1,41,female,master,native,sometimes,Copilot,N/A,2025-12-19T20:56:16.231Z
66b2c7262f4631f5eea8e729,ngBXkyeBRlHNbFkeesiU,5,2,3,6,5,2,6,6,6,6,5,5,6,6,6,6,6,6,5,6,6,5,5,6,6,5,1,27,female,bachelor,native,sometimes,,,2025-12-19T20:32:55.980Z
66b8e8f12fa9160e4ca9f25b,CW9vXkNqFHh2osKM2dah,6,1,2,6,5,5,6,6,2,2,1,1,1,3,6,2,6,2,6,6,6,1,1,1,5,4,5,31,female,master,native,sometimes,chatgpt,,2025-12-22T19:07:15.288Z
66b9a0475a301eacdfb5e608,UMiVvY0HD0lxs0QCclZZ,7,4,1,7,7,1,7,7,7,1,1,1,1,1,,,,,,,,,,,,5,1,33,female,high-school,native,very-often,Chat GPT,,2025-12-20T02:39:53.592Z
66ba2139a67c5c99778a6766,zfhO001baQTcxlyTHgzj,6,1,1,7,4,2,7,7,7,7,7,7,7,7,4,1,4,7,1,3,5,4,3,4,4,5,1,25,female,master,native,sometimes,Chatgpt,,2025-12-19T21:38:43.874Z
66bd73db3481a3d17695c23e,o9t9sL52P5aU35AlvZE6,5,4,1,5,7,3,6,6,5,3,5,2,3,6,,,,,,,,,,,,5,1,32,female,bachelor,native,very-often,"Gemini, ChatGPT",,2025-12-20T05:53:27.611Z
66be213d651dff72ff117b7d,7wrHj1gkxe7BpoTOuJ2w,3,1,1,6,6,1,7,7,7,6,7,6,1,4,,,,,,,,,,,,5,1,28,female,bachelor,native,very-often,ChatGPT,,2025-12-22T20:58:08.428Z
66beb7a1951f8a18b03cd9c5,rFQRovjOT3N5qky91a6R,4,1,3,6,5,1,6,6,6,6,5,5,5,6,,,,,,,,,,,,5,1,22,male,high-school,native,rarely,"ChatGPT, DeepSeek, Claude",,2025-12-19T20:06:12.969Z
66bfe5ecc23f1e2109f144d6,AUrGoBvvveLCZnuhHMJG,5,1,1,5,4,2,6,6,5,3,5,3,5,5,,,,,,,,,,,,4,1,28,male,master,native,very-often,"Chatgpt, gemini, copilot",,2025-12-21T04:54:57.050Z
66c33e386baa1ae990d7165d,HWh0JMtDFiICelV1rxbS,4,2,2,6,5,1,7,6,6,5,6,5,2,5,2,3,2,2,2,3,2,5,5,4,4,5,1,35,female,high-school,native,often,ChatGPT and Midjourney,,2025-12-22T12:36:18.679Z
66c344f0ca88e523ebbc35a2,MmueIydpYgOORBkBA329,7,6,2,6,7,5,6,6,6,5,2,4,5,5,3,5,5,5,1,4,6,3,3,3,3,5,1,37,female,bachelor,native,sometimes,ChatGPT copilot,"When scrolling through the article you read, it stopped the timer. I have therefore spent significantly longer than was estimated. This has obviously been frustrating.",2025-12-22T12:28:03.191Z
66c36df59f1061046b7ea01b,lOZOCeBUTY7wNFO8eQyi,4,2,1,4,6,2,4,4,4,5,5,5,5,4,,,,,,,,,,,,5,1,43,male,high-school,native,rarely,Chatgpt,,2025-12-21T23:31:35.820Z
66c6b37d82e002e73e1fbd2d,rbt2TAYPVAL1KzSaaeot,2,1,7,4,5,5,5,4,4,5,4,5,3,4,4,3,3,4,4,5,5,5,5,4,3,5,5,61,female,bachelor,native,often,ChatGPT,This survey should allow more time when reading and not be on a timer. It felt rushed.,2025-12-21T02:11:09.356Z
66c8842e8667d7d2dd040001,u68zJKU19oT5fF4K751O,6,1,1,5,7,1,7,7,6,3,2,1,1,5,,,,,,,,,,,,5,1,33,male,associate,native,often,ChatGPT,,2025-12-20T15:31:49.893Z
66c8ee23967e42b053411eee,SKYpbK9AAxArWSCnEPgU,6,6,4,4,5,5,4,5,5,3,4,4,5,4,3,4,4,4,4,5,4,5,4,3,4,4,1,59,female,bachelor,native,often,co pilot,quite a long process,2025-12-23T09:10:32.416Z
66cc4546f9e3a25d2adc51c8,jVQd3EWqeZ72jHmHzR69,6,2,4,6,6,3,5,5,5,4,2,2,4,4,4,4,3,3,3,4,4,4,3,4,4,4,1,31,female,bachelor,native,sometimes,Copilot,n/a,2025-12-22T09:55:04.564Z
66cdf006dc37b68c08c84ac5,8oGYYKjEy5AT1fjaEV81,5,2,2,6,7,2,6,5,5,4,3,2,1,3,6,6,6,5,6,5,5,5,4,4,4,5,1,55,female,high-school,native,sometimes,,"No, all good",2025-12-22T20:23:28.473Z
66d470efae87ffb63c6ee75b,XvZ9q1Q26oPEUZczfwn1,4,1,2,4,6,1,5,6,6,6,5,6,5,6,6,5,6,5,6,6,5,5,5,5,4,4,1,27,female,bachelor,native,sometimes,ChatGPT and gemini,,2025-12-23T10:04:25.207Z
66d753769fda18f114e0e534,Rsq1UrIhWjscgFV84Bwh,6,3,4,4,5,5,4,4,4,4,4,4,4,4,3,3,3,3,3,4,4,4,4,3,3,3,1,53,female,master,native,sometimes,"ChatGPT, Claude",,2025-12-22T12:59:25.618Z
66d921d24ea620ae6b29d74b,0jfyW2yC02vnNyvPBdiw,6,3,7,6,6,5,6,6,6,5,4,3,4,5,1,1,1,1,1,1,1,1,1,1,1,5,1,60,female,bachelor,native,often,,,2025-12-19T20:05:13.652Z
66e04b2f9cd94406f2da8f42,XixJpaLZOwesdleeMjKp,4,4,3,6,6,3,6,6,6,6,3,4,3,5,4,4,4,4,3,4,5,5,3,3,3,4,1,54,female,master,native,often,ChatGPT,None,2025-12-23T11:03:46.375Z
66e1fe0eef87e2486f0f4ca1,IY800byYR7z5VQdsCLSN,1,1,1,7,1,1,7,7,7,5,5,5,5,5,7,5,6,6,6,6,6,6,6,5,5,5,1,46,female,associate,native,sometimes,ChatGP,,2025-12-21T08:46:03.695Z
66e3151584ce7d01596d194a,1RvazM1mZ5ZuHWrpf2Hl,5,1,3,7,7,1,7,6,6,4,6,5,4,6,7,6,6,6,6,6,7,6,6,5,6,5,1,35,female,master,native,often,,this study is very interesting and informating,2025-12-20T02:22:10.311Z
66e4fc9c0c958246837a6941,pIBCjPQnnG4WnHdmNjOT,5,2,4,6,5,1,6,6,6,5,4,4,5,6,6,6,6,7,7,6,6,5,6,5,6,5,1,41,female,doctorate,native,often,,,2025-12-20T14:07:56.201Z
66e84a9aeb1250e4e671ae2c,KPpkKRjHa4iZESIDkIFL,2,1,1,5,1,4,5,5,5,4,3,3,3,6,1,1,1,1,1,1,4,1,1,1,1,5,1,39,female,master,native,rarely,ChatPDF,,2025-12-22T10:38:20.745Z
66f0457846752930b55150a3,LqLm66bu1qfIkz2bGCiK,6,2,1,7,5,2,7,7,7,7,5,5,5,7,7,7,7,7,4,4,4,4,4,3,3,5,1,48,female,bachelor,native,sometimes,Claude,"I didn't understand the purpose of the AI chat box. I thought that maybe I had missed something in the lead up? I had about 6 minutes left after reading the article and spent that time asking the AI about other strategies. 

Also the citations within the survey were extremely tiny. The font could be a bit bigger.",2025-12-21T19:03:41.546Z
66f0765bb7f6c2ae6ef721ee,Mvijy9Z3T0K2wp3Upo7t,6,1,1,3,7,3,6,6,6,6,4,4,3,5,4,4,4,4,5,5,5,5,6,6,6,5,1,42,male,bachelor,native,very-often,,,2025-12-22T11:06:25.398Z
66f23f43364a3d1b7b018f27,cncN3mzNWfuSj0AQ88Km,5,6,4,4,6,1,6,7,7,2,2,3,2,3,,,,,,,,,,,,5,1,53,female,high-school,native,very-often,ChatGPT,nothing additional,2025-12-20T11:24:06.495Z
66f59c766e7e22e1f90d08f6,lIXFRLbQWR09dEoODXVd,4,2,3,6,5,1,6,6,6,5,3,4,5,6,6,5,5,5,6,6,6,7,6,5,5,5,1,36,male,bachelor,native,often,Gemini,,2025-12-20T19:46:17.766Z
66f99699f2bb894cbd57209f,OgRRZOh3RQG04TOP0x5y,6,1,1,5,7,1,5,4,4,4,1,1,1,6,1,1,1,1,1,1,1,1,6,6,6,4,1,61,female,bachelor,very-fluent,sometimes,ChatGPT,I did not realize that I could have used the AI during the allocated reading time  . My assumption was that I would engage with AI after I had completed the reading section of the survey  .,2025-12-22T09:34:41.209Z
6701cdb7d312f798d316810e,WXHyvAxZXAqUMBlOjUl4,7,2,3,5,7,2,6,5,5,6,3,3,1,3,,,,,,,,,,,,5,1,39,female,high-school,native,sometimes,"Chatgpt, copilot, Gemini",,2025-12-22T15:39:35.058Z
6703370d69c922c9c282ef5c,UtoDPegJTtMYNtR62ksg,5,1,2,7,6,3,5,6,6,4,4,4,5,6,,,,,,,,,,,,4,1,33,female,high-school,native,often,chat gpt claude,,2025-12-21T13:27:56.619Z
6704025bdd15dcd73f54125a,r46UbPe4f1QCBvG5QFzA,4,4,4,7,4,4,7,7,7,7,7,7,1,7,7,7,7,7,7,7,7,7,7,7,7,5,1,40,male,bachelor,native,very-often,,,2025-12-22T11:39:08.651Z
6708e405424678d90434ac89,4oE89r2qDXhXMb1y50nX,4,4,4,5,6,4,5,5,5,5,4,4,5,5,6,6,6,6,6,6,6,6,6,6,6,5,1,35,male,master,very-fluent,very-often,,,2025-12-22T11:40:35.541Z
670da3fd0b8a2f7a542a2b24,HkiHviIHzQOQkfONk9TE,7,1,1,6,7,1,5,6,6,5,6,3,7,6,7,5,6,5,7,7,7,7,7,7,7,5,1,25,female,high-school,native,often,"ChatGPT, Gemini",This was a great study. I enjoyed reading and interacting with the ai. Happy holidays!,2025-12-20T15:31:49.100Z
670fb18f6f6ca0d7257a9302,wmHdPqSrc7siYZ6XZ0MU,5,5,7,6,7,1,7,7,7,5,3,4,6,7,5,7,6,5,6,5,7,6,5,1,4,5,1,71,male,bachelor,native,often,,,2025-12-19T23:16:45.690Z
6712c4178dc857f9a720852b,kpDusdiT0j7rdpmwPQXF,6,1,2,7,6,2,6,6,6,7,7,7,6,7,6,6,7,6,7,7,7,6,7,6,7,5,1,34,female,bachelor,native,often,Chatgpt and gemini,No,2025-12-22T17:47:22.726Z
6713a6a34b872f10e42e1502,zgfULFYR2pMq0o7hQdzj,5,1,1,7,2,7,7,7,7,6,6,6,7,7,6,7,6,6,7,6,6,4,1,1,1,5,1,54,male,master,native,very-often,ChatGPT,,2025-12-22T12:32:03.618Z
6717f85a6a89e8cd9b165aaf,txdMucKsYSkY5qWqUWu5,5,4,4,6,5,3,7,6,7,5,4,3,1,5,6,4,5,4,4,4,6,7,5,6,6,5,1,35,male,bachelor,native,sometimes,ChatGPT,,2025-12-22T10:58:58.817Z
6718fa3043e1839e51351385,aRYSCYEMTHeo5nG5SfUn,6,1,2,7,3,1,7,7,7,7,7,7,6,6,6,7,7,7,7,7,6,6,7,4,4,5,1,34,female,master,very-fluent,often,chat gpt,,2025-12-22T03:35:05.731Z
67191218806a2b419b243e5c,ElFIgDs9Sy9HzpbEwoRC,1,1,1,7,4,1,7,7,7,7,1,4,6,7,,,,,,,,,,,,5,1,28,female,high-school,native,sometimes,ChatGPT,,2025-12-21T08:52:02.353Z
671cdd2146a2a9d3d0535132,fDACpIZowHUGbC4qsJne,5,5,2,6,6,3,6,6,7,6,6,6,6,6,7,7,6,7,6,4,5,5,6,6,6,4,1,35,male,master,very-fluent,often,ChatGPT,,2025-12-22T01:57:42.421Z
671d772447cf5a3419817702,1WzTxIrsPLB1YhR22USp,5,7,2,7,7,3,7,7,7,6,4,6,7,5,6,3,4,3,6,4,6,3,5,2,5,5,1,43,male,master,very-fluent,sometimes,"ChatGPT, Meta, Gemini",I enjoyed the study,2025-12-20T15:34:24.436Z
6722ceb13a02b06603b7b285,pkVCSX68d7KoB8XT001m,1,1,1,7,7,1,7,7,7,7,2,3,6,7,4,4,4,4,4,4,4,4,4,4,4,5,1,45,female,bachelor,native,sometimes,Gemini,"I didn't use the Gen AI, I just preferred to read the article. I didn't really see a need to use it.",2025-12-19T21:10:52.223Z
6724d3673a5391f6e028d659,4ucQFHIIa8ktqiilZbxx,3,3,2,7,5,1,7,7,7,7,4,6,6,6,,,,,,,,,,,,5,1,71,female,master,native,often,ChatGPT,,2025-12-19T20:16:39.329Z
672501c7bc2f7f52114f2a5e,ZiNOwuXXcAuJyqvYLxlI,2,1,1,7,3,1,7,7,7,6,5,6,6,6,7,4,5,5,6,6,6,4,3,5,6,5,1,59,female,associate,native,often,Microsoft Copilot,,2025-12-19T20:03:00.502Z
672539aa74aa5a08ab440626,fCQzC7X1mkLH73X0xBmZ,5,2,2,7,6,3,7,7,7,7,5,2,2,7,6,6,6,6,7,7,7,7,7,7,7,5,1,47,female,bachelor,native,sometimes,Chat GPT,"This was really interesting, thank you",2025-12-22T12:36:43.067Z
6726175b381af01a5aaef18a,wSYr4gn6EfwSqGqYAVwq,7,4,4,4,7,4,4,4,4,4,4,4,4,4,4,4,4,4,1,7,7,7,7,7,7,5,1,37,female,associate,native,very-often,perplexity,no,2025-12-22T00:15:40.116Z
672695e93764017bcf01d69b,3Yfip4DcDLe6aaywpu91,5,3,3,5,4,1,5,4,4,4,4,4,4,5,3,3,3,3,3,4,4,4,4,4,4,4,1,30,female,master,native,often,chatGPT,,2025-12-22T08:06:33.950Z
672789bc7b3816f4f1a42e43,QWwgLXLA8HoXdD5b3fyM,6,2,5,6,6,1,6,6,6,6,5,5,5,6,,,,,,,,,,,,5,1,62,female,master,native,often,"Chat GPT, Claude, Perplexity",,2025-12-22T13:52:06.179Z
6727e176e5f011b020a6a2db,CltPOb0paC9JMHIDRRG9,3,2,5,4,4,5,5,5,5,4,3,4,4,4,,,,,,,,,,,,4,1,34,male,associate,very-fluent,sometimes,i dont really,thanks!,2025-12-19T20:10:35.374Z
672946ef8187e4253c5ff800,PNMgXdKBVw4xSNRbXWvF,3,2,1,6,6,1,7,7,7,6,6,6,5,5,,,,,,,,,,,,5,1,25,female,master,native,rarely,ChatGPT,,2025-12-22T10:49:24.685Z
672a0f49692a1a87ac2772da,cxoEzOQHZSy8Edvg0NpP,2,1,2,6,3,1,6,6,6,5,6,5,5,5,6,4,5,6,6,6,6,5,2,2,2,4,1,24,non-binary,master,native,rarely,,,2025-12-20T00:24:46.778Z
672c99775b51436252e1b231,WYKTtO6JKQluUrSVkRvE,6,2,3,6,6,2,7,6,6,6,5,6,6,7,,,,,,,,,,,,5,1,38,male,master,native,often,"ChatGPT, Claude",well educative survey.,2025-12-22T02:43:17.830Z
672eeebde600098b4b65d4a8,5GPy1vmDVWseQVgw8i4v,5,1,2,6,5,2,6,5,6,6,4,3,4,6,,,,,,,,,,,,5,1,63,female,bachelor,native,very-often,"ChatGPT, Perplexity",,2025-12-19T19:32:20.322Z
672f0e017c32cf8dfb315424,cm5xw1zAdd6wrr6cC4G9,5,1,1,5,6,5,6,6,6,6,3,4,1,5,6,6,6,6,2,7,7,7,5,6,6,5,1,37,male,master,native,sometimes,Co-pilot,,2025-12-21T05:11:34.511Z
67311201ae5343816a576b29,gdkgODJLmj4QxbEnvOtd,5,7,2,5,6,1,6,5,6,4,4,5,5,5,,,,,,,,,,,,5,1,30,female,bachelor,very-fluent,often,"chatgpt, dola, gemini, meta ai",,2025-12-22T03:04:53.652Z
6736247083a7524dfeccab93,WLlko6L4dGSSZWXkTa6i,5,1,1,7,2,1,7,7,4,6,4,1,3,6,,,,,,,,,,,,5,5,58,male,high-school,native,often,ChatGPT,"You learn from your peers how to conduct an effective meeting both good and bad, you use best practice to gain the most out of the  meeting.  interesting study, good luck with your results.",2025-12-22T10:43:32.471Z
67367a40e4abdcfbbaa00bcc,nxB9IA0BLN9a2YLeg1yd,4,1,1,7,4,5,7,7,7,5,6,6,3,7,,,,,,,,,,,,5,1,38,male,bachelor,native,often,Gemini & ChatGPT,Who puts an attention check as the very LAST question of a survey? Sheesh.,2025-12-21T21:44:03.444Z
673b7de4a2e905d7e456db70,IrcBPDcFQFtgaRyUScIN,4,1,2,7,7,1,7,7,7,5,2,6,5,6,,,,,,,,,,,,5,1,26,female,high-school,native,sometimes,Chat GPT,,2025-12-22T12:27:31.964Z
673df43bab9b5d6c0cba0f9a,u0NZfHqBMquNQeHr7gu0,2,1,1,5,4,2,5,5,4,2,2,2,4,1,5,5,5,5,5,4,4,1,1,1,1,3,1,37,male,associate,native,sometimes,"chat gpt, canva ai",,2025-12-22T10:09:40.562Z
6740b01583cadef1afebeb9d,oiyVQ948mhc54wPpf2wk,7,7,4,2,6,3,1,4,2,5,2,2,6,6,7,6,2,2,6,6,2,2,6,5,6,4,1,37,male,master,native,often,ChatGPT,No,2025-12-19T19:24:58.874Z
67425ff05a1e573622ade37a,vXQ6iOT222wn9W3MFXL4,6,3,3,5,6,3,6,6,6,6,4,2,4,6,7,7,7,4,7,7,7,7,6,6,6,5,1,51,female,bachelor,native,very-often,Microsoft Copilot,,2025-12-22T10:12:13.913Z
67448035804444614abdcc6c,E591FDQpnxHgmEduYvqr,5,2,6,6,6,2,6,6,5,5,3,6,5,4,5,6,5,5,6,7,7,7,6,7,6,5,1,30,male,bachelor,native,often,chatgpt,,2025-12-22T02:47:05.752Z
67449b2d46dfbc02a0f083b3,rAeKeVJ9EMYtEn8Kv78F,4,1,3,7,3,1,6,7,7,6,2,3,3,7,2,2,5,4,2,3,3,5,4,2,2,5,1,47,male,bachelor,native,rarely,I have to use copilot for work but I'm not happy with it. I have used Claude for coding and technical work,"I took a lot from this, thank you.",2025-12-19T20:35:43.002Z
674696d5ad8d317b574a1344,fhfsILvmLTYrLrXvXcQh,6,4,2,5,7,4,6,6,5,4,5,6,3,5,5,7,6,5,6,5,6,6,5,4,5,5,1,39,male,bachelor,native,often,ChatGPT,,2025-12-20T05:46:38.435Z
6746e74a384ba0891f6de321,OB23XEYM8c6i3Z7tFu93,3,1,1,6,5,1,6,7,7,6,6,6,7,7,5,5,4,4,4,6,6,5,4,5,6,5,1,33,male,bachelor,native,often,ChatGPT,,2025-12-21T20:20:52.772Z
67496dea4b9483e93cf9d117,ReM4aAlJuNcir13BppIM,7,1,1,7,7,1,7,7,7,7,7,7,7,7,1,1,1,1,1,1,1,1,1,1,1,5,1,35,male,bachelor,native,very-often,copilot,"this was very interesting! thank you so much, may god bless, and merry christmas!",2025-12-20T08:01:46.523Z
674cf1b47d6743e2ea091d98,BS61TF0uUPJsBF71pGnU,7,6,5,5,6,4,7,6,6,4,4,4,3,5,5,3,3,3,3,4,6,5,5,6,5,5,1,41,female,bachelor,native,often,"ChatGPT, Claude, Gemini",,2025-12-22T17:39:47.652Z
67501946d923a3866d1635dd,pIii2SiL43Ck0Ijw7xuc,5,1,2,7,7,3,7,7,7,7,7,6,6,6,,,,,,,,,,,,5,1,47,male,associate,native,often,"gemini , chatgpt",thanx oportunity,2025-12-22T18:22:56.381Z
6750963f80dc9a9b834ddbbe,StJa795VbuQzt6Z9LfIR,2,1,1,7,6,1,7,7,7,6,6,7,7,7,6,6,6,7,7,7,7,6,7,6,7,5,1,36,female,bachelor,native,often,Gemini,,2025-12-21T23:23:54.286Z
6756d8d07b3444c59eeff05c,XUG2DfWtBQxLRWtYT9WN,4,4,2,7,4,1,7,7,7,7,4,2,6,7,7,7,7,7,7,6,6,5,3,3,3,5,1,43,female,master,very-fluent,very-often,chatgpt copilot perplexity,Very interesting. Thank you.,2025-12-23T05:20:33.459Z
675a69d88d29359682bcd4ec,zAul5nfVU00dbYUpa36u,4,1,1,7,5,1,7,7,7,6,1,1,1,6,7,7,7,7,7,7,6,7,6,6,6,5,1,52,female,high-school,native,very-often,ChatGPT,"Wow....what a great study! This was so well designed and I loved all the options given in addition to the article. I listened to and also watched the video in addition to looking at that infographic. These were all such great features and I really enjoyed it. Further, I conduct meetings often and this truly gave me some great advice and I really appreciate that. Again, thank you so much for such a unique and fun study!! Have a wonderful day.",2025-12-19T20:59:28.084Z
676055d717c5c46b0800f479,hwLRUJJvjmtmAAyDG1Tc,5,1,1,6,6,1,6,6,6,5,3,3,3,6,1,1,1,1,1,4,4,4,4,4,4,5,1,39,male,bachelor,native,very-often,"ChatGPT, Gemini, Deepseek",,2025-12-22T13:37:11.069Z
67606c975d33dc79c280063e,RTaaH4OGCnED6dzpokAG,5,3,1,5,6,4,6,6,5,5,4,4,4,5,,,,,,,,,,,,5,1,23,male,bachelor,native,sometimes,ChatGPT,,2025-12-22T09:31:21.985Z
6760b0825ab03ca48d4fb0de,reZkA9vxAq2PJ7p3pFu0,5,6,2,6,7,3,6,6,4,5,4,6,6,6,4,4,4,4,5,4,4,4,5,5,5,5,1,48,male,doctorate,very-fluent,very-often,chatgpt,,2025-12-20T03:56:22.449Z
6760f2ed5c7e5d977eb5bd54,7nxDCsad2n4U4f7LkALm,6,3,3,7,7,3,6,6,6,6,5,5,5,7,,,,,,,,,,,,5,1,35,male,master,native,often,,,2025-12-19T22:22:25.281Z
676276312d87ec9601be7d5c,1JXZGra01zb1L983GsyD,3,1,6,6,2,2,6,6,6,6,3,6,5,6,,,,,,,,,,,,4,1,50,female,bachelor,native,very-often,"ChatGPT, copilot, Claude, grok, perplexity, firefly","No I imagine the timers like for the reading and especially the quiz were meant to be annoying the reading needs more than 20 mins to like soak in the general ideas

I thoroughly enjoyed this task though and I ish you good luck on your study",2025-12-20T04:23:49.642Z
67657279b0bce380fa33721e,Nn5J3qSmN0LZFKAVKTq5,4,2,3,3,5,3,4,4,3,4,2,2,2,5,,,,,,,,,,,,4,1,42,male,high-school,native,sometimes,Copilot,,2025-12-22T08:00:23.567Z
6765c82c27f3e9e011d0d4d9,cOhEYV7obbJ41srew3O8,6,3,1,2,6,7,6,3,3,5,5,5,5,5,5,3,3,5,7,3,5,5,3,5,5,2,1,41,male,bachelor,native,often,,,2025-12-22T10:29:36.458Z
676688f10526923c0a526ee4,QquLhfkHe59QXvKK3a2s,6,6,6,4,7,5,5,5,5,5,5,5,6,6,,,,,,,,,,,,4,1,36,male,master,very-fluent,very-often,,,2025-12-22T23:27:45.995Z
67682f4bf87d300e646e7371,0OoVTkpRpb9gW5OAYurU,6,1,1,6,5,1,6,6,6,6,1,6,5,5,1,1,1,1,1,4,4,4,4,4,4,5,1,38,female,high-school,native,often,copilot,,2025-12-20T23:51:18.145Z
676a2c97280c39f6edfd813e,91JBoNSz7XydyixUvYqF,3,1,1,6,5,2,6,5,4,6,4,7,4,7,5,5,5,6,6,6,6,6,4,5,4,4,1,39,female,high-school,native,often,ChatGPT,"I really appreciate the opportunity to participate in your study.

Merry Christmas to you and yours!!",2025-12-20T00:39:50.760Z
676a86716dbe63bed7ae70a0,fIl5VCLOorah7wc79IjW,6,3,2,5,6,1,6,5,4,5,4,4,4,4,4,3,5,3,2,5,5,4,4,5,5,4,1,54,male,master,native,often,,,2025-12-22T13:59:44.367Z
676aa62900acb7d40e4f03b7,o599cDGJ18PY9u33mzLQ,1,1,1,7,1,1,7,7,7,7,7,7,7,7,6,6,6,6,5,7,7,7,7,7,7,5,5,29,male,master,native,very-often,Copilot,,2025-12-23T12:31:28.471Z
676d346f257c35fb4c43e63b,duMeWagJ33kWayY5HOAm,3,2,1,6,4,1,6,6,6,5,6,5,5,6,7,6,6,4,6,6,6,6,7,5,6,5,1,22,female,bachelor,native,often,,,2025-12-22T22:01:46.213Z
676ddbb4543c43071be7605d,IUI1FsdxctCctjUvFX3z,5,2,4,7,7,1,7,6,6,5,1,5,5,6,6,3,5,4,5,4,4,4,4,3,4,5,1,56,female,master,native,sometimes,ChatGPT,,2025-12-23T11:53:18.536Z
676df4319d4ed64ca5e20cdc,Njt9Nc4kJV2F7Ps6EADc,5,1,2,6,5,5,6,5,3,5,4,2,4,6,1,1,1,1,1,4,4,4,4,3,3,4,1,25,female,master,native,often,,,2025-12-22T17:57:12.171Z
67701cb8e95b8934348de694,kmvyf72wsvRYrbXSRCjG,5,2,2,7,7,2,7,6,6,7,6,6,6,6,6,6,6,6,6,6,6,6,6,6,6,5,1,34,male,master,native,sometimes,"ChatGPT, Gemini",it was a great study and helped me,2025-12-22T05:55:36.229Z
6771ff8ec9ba55882b8c525c,PPyFxujjG3llUdhm983U,3,2,3,6,5,2,6,6,6,6,4,4,4,5,,,,,,,,,,,,5,1,25,male,bachelor,native,often,"Chatgpt, Gemini, deepseek",thank you for the study opportunity,2025-12-20T08:22:18.511Z
6773d6d84f06b14a316648aa,y5YEB5TtLIfeGAZfZmKm,5,1,2,6,4,1,6,6,5,4,3,3,4,2,,,,,,,,,,,,5,1,35,male,high-school,native,often,ChatGPT,,2025-12-23T09:43:25.829Z
6773d9880060f6cfd67eca9b,f2EaFuOFh5fQXwdiEaUx,5,1,1,5,4,3,6,6,5,3,3,3,5,6,5,3,4,4,2,5,4,3,1,1,1,5,1,26,female,master,native,often,ChatGPT,,2025-12-22T14:27:38.974Z
6773ea482c488f0e35bd7b5c,rikDrrsqDCDVl2fyJaQX,6,6,4,5,6,1,6,5,5,5,5,5,5,5,1,1,1,1,1,2,3,3,3,3,3,5,5,34,male,bachelor,very-fluent,often,Gemini and ChatGPT,,2025-12-22T14:35:54.231Z
6775d2dc10021f9d74ab65aa,vEGFKncr2m4VY7rcOQcg,6,1,3,5,6,5,7,6,6,3,2,2,2,3,6,6,6,2,7,7,7,6,6,6,7,4,1,31,female,bachelor,native,very-often,Copilot,,2025-12-22T15:18:45.426Z
67767fa1109a4fa47a64748d,XJXBaNxPYxQtojedSILR,4,1,2,6,3,1,7,7,7,6,4,5,5,6,,,,,,,,,,,,5,1,35,male,high-school,native,sometimes,ChatGPT,All good thanks,2025-12-23T01:22:18.168Z
6776c927f9dc484f730bf614,gTBQqu3NwWwyK8X867N1,5,1,5,6,7,1,6,6,6,6,6,6,6,6,4,4,4,4,4,6,6,6,6,6,6,5,1,43,male,bachelor,very-fluent,often,,,2025-12-22T08:10:02.102Z
67781ffd92663e6f547722fd,xtcgr3JI4ZEzqbLkfTeE,5,5,6,6,7,2,7,6,6,6,6,6,3,6,5,5,5,6,6,6,6,6,5,6,6,5,1,35,female,bachelor,very-fluent,often,"chatgpt,gemini,bing",,2025-12-22T13:57:10.197Z
6779c8fd10ec19bf89b5f9d8,9XetjeoSenaRnLl5ymQu,6,3,4,4,6,4,5,5,5,5,5,5,5,5,,,,,,,,,,,,4,1,25,female,bachelor,very-fluent,sometimes,,,2025-12-22T10:08:47.380Z
677cb7bf838dfe3cab0a0bac,jsdSA70m5p0djFd2szsG,3,1,2,6,4,1,6,6,6,5,2,2,2,6,6,6,6,6,6,6,6,6,6,6,6,4,1,32,female,bachelor,native,very-often,ChatGPT,,2025-12-20T01:25:38.498Z
677e66aeda5ddb35145c52eb,cShAYleSwiosLpWn3Arw,7,1,1,7,7,1,7,7,7,7,6,7,3,7,,,,,,,,,,,,5,1,38,female,master,native,often,"ChatGPT, Gemini",no,2025-12-22T05:32:06.632Z
677edcc906221d9231bd83d7,5hMKGAtJV60gWywdkVFn,5,2,5,6,7,5,6,7,6,7,4,6,7,7,1,1,1,1,1,1,4,1,2,4,4,5,1,50,female,bachelor,native,very-often,"Claude, Perplexity, Gemini",None,2025-12-20T08:00:47.095Z
67803a05b60a2727e9fa85b4,vTRC3V5QmDGiy5xyYcuf,7,7,7,7,7,7,7,7,7,6,6,7,6,7,5,6,5,6,7,7,7,7,7,7,7,5,1,30,male,bachelor,native,often,ChatGP,none,2025-12-20T01:10:01.674Z
6784cd4c648d7fe55ab2ff24,AO7vu03lLJOaFlix2W7W,5,2,3,6,5,2,6,6,6,6,5,4,6,6,,,,,,,,,,,,5,1,64,male,bachelor,native,often,Grok,"Well structured and relevant. Long, but practical. If more meetings followed this research, fewer people would dread Mondays",2025-12-19T23:19:40.354Z
6786d7955dfbf40eae7ed3d9,V270sYsAo6VccSZwdn47,5,2,1,7,5,1,7,7,7,6,5,5,4,7,,,,,,,,,,,,5,1,34,female,bachelor,native,sometimes,ChatGPT,,2025-12-22T08:00:08.337Z
678850e350af39b7032dd102,HvVTCjwKsAkSuyrRLs2S,5,2,2,6,5,2,6,6,6,6,4,4,5,6,,,,,,,,,,,,5,1,43,female,master,native,sometimes,"ChatGPT, Claude, and Gemini",,2025-12-19T19:50:26.261Z
678951eaacd3135a38c86ec9,bhwmM4fAfbMOm0FBhbOc,5,1,4,7,4,1,7,7,7,7,3,3,2,7,,,,,,,,,,,,5,1,50,female,bachelor,native,sometimes,Gemini and ChatGPT,Thanks for the insightful study.,2025-12-21T11:14:18.008Z
67895c8702d2c30bde3af96c,Bj1hgRwrOPIcDo8RCYnJ,3,1,2,5,6,2,5,5,6,6,5,6,2,7,5,4,5,5,6,5,6,6,3,5,5,5,1,51,male,bachelor,native,very-often,"ChatGPT, Gemini, Adobe Firefly","very interesting, aligns with my businesses plans to improve meetings",2025-12-23T09:01:30.485Z
678b8b6f4d1425ef3b30bd32,FxLXSfgHk63ekpllvaPX,6,2,1,5,5,6,6,6,6,6,5,6,6,2,,,,,,,,,,,,5,1,39,male,bachelor,native,very-often,"ChatGPT, Copilot, Gemini","I found the article painful to read as meetings have changed so much in a post-COVID, hybrid working and AI enabled world.",2025-12-22T17:46:20.167Z
678f46cd0f21903076471f34,rQzSxlfMCL9HFZ0ovOyH,6,2,3,4,6,2,5,5,5,4,5,5,4,4,6,4,3,4,5,5,4,4,4,4,4,5,1,30,male,high-school,native,never,,,2025-12-21T21:52:50.796Z
67a42f4cbca316730e66e3d8,VhDrqLHGbdJaX2lWmuEx,3,2,4,6,5,4,6,6,6,5,5,5,6,6,,,,,,,,,,,,5,1,36,female,high-school,native,rarely,chat gpt,,2025-12-21T20:35:45.887Z
67a54503a9d38ce3140394eb,nCWbOOz8Wai8iS6aJ10q,3,1,1,6,3,4,7,7,7,7,6,7,6,7,2,2,2,2,1,3,3,2,1,1,1,4,5,54,female,master,native,sometimes,,"20 minutes reading time was too long for that article. I read it twice, then filled in a few minutes by using the AI assistant to summarise it to check whether it was reliable (answer: sort of, but missed nuance)",2025-12-22T16:16:03.527Z
67ab5b2e65c4823c805570d4,tiUhHZB6spOO4517y3JP,3,1,1,7,7,4,7,7,7,7,4,5,5,7,,,,,,,,,,,,5,1,61,female,bachelor,native,often,chatgpt,,2025-12-19T21:40:31.399Z
67ad2a2a71895bd3ece87c4d,aZ93qiCYwa8LPFELiUVR,6,6,3,6,7,1,7,7,7,7,4,3,7,6,,,,,,,,,,,,5,1,29,male,bachelor,native,often,ChatGPT,,2025-12-22T09:05:39.623Z
67bc827bda4f8e3244e03c7a,rntSNbheN3YYodbxUZls,3,1,1,5,3,1,6,6,6,6,5,6,5,6,4,4,4,4,3,4,3,2,3,2,3,3,1,50,female,doctorate,native,sometimes,,I was a little sceptical about the article as it was relatively old (2018) and pre covid but it was surprisingly useful. The AI was less usefull here but perhaps because my prompts were not as specific as they could be. eg I wanted a summary of some aspects of the article but AI pretty much gave me a rewritten version of the the study,2025-12-22T08:28:32.537Z
67c03df83a4809152545cabd,ooXFsSRCrikOU1OpO6jr,6,5,6,5,6,3,6,6,6,5,4,5,5,6,,,,,,,,,,,,5,1,44,female,bachelor,very-fluent,sometimes,"chatgpt, copilot",,2025-12-22T03:47:49.507Z
67c4cf035a34c6ef254906e2,rjtOs4RpBoUQIrpmQPcw,6,6,3,6,7,4,6,7,6,5,5,6,5,6,6,5,6,6,5,6,7,6,5,6,6,5,1,26,male,bachelor,native,sometimes,ChatGPT,The study was great,2025-12-22T10:22:25.708Z
67cb40e5562e803bd6532a64,UUhR0FbQb4iEdB6UIKId,6,3,3,7,5,1,7,7,7,6,6,6,6,6,7,7,7,7,7,6,6,6,6,6,6,5,1,53,male,master,native,very-often,gemini,none,2025-12-20T03:05:41.378Z
67d443ba0bb671a8f2a938a7,YR09eZzcmylRbTIUZiiA,6,6,5,7,7,3,7,7,7,7,7,7,5,5,5,6,6,6,6,6,6,5,5,6,6,5,1,30,female,doctorate,native,sometimes,ChatGPT,No comment,2025-12-22T10:17:39.256Z
67d97337faf4d981fef4baed,5KEpz5S0K9USZ6m5hPho,5,2,2,7,5,1,7,7,7,5,4,5,5,4,3,3,5,4,1,6,7,6,5,6,6,5,5,51,female,associate,native,sometimes,perplexity,no,2025-12-21T13:20:18.865Z
67e43d3171f3338caa047245,TF70dxGQvRBy9zNSiEEE,3,1,2,6,5,1,4,4,4,5,2,2,4,4,7,7,7,7,7,6,6,6,4,7,7,5,1,52,female,bachelor,native,often,Co-pilot,,2025-12-22T09:24:39.462Z
67e80fd6ef19882569cf49d3,zul7BS6UVOjxLv04IpEV,3,1,1,7,2,1,6,6,6,6,2,1,1,6,6,6,6,6,4,7,6,4,6,6,6,5,1,52,female,associate,native,often,ChatGPT,None at this time,2025-12-19T20:14:56.819Z
67ee45a8f90e9989ba22c24a,SiLKhIfXBiGUDmi0DBaB,4,2,2,6,4,2,6,6,5,6,4,3,5,5,,,,,,,,,,,,5,1,22,male,bachelor,native,often,Claude and chatgot,,2025-12-20T01:55:18.766Z
67f0440c8c9c5d41005a7beb,YT3i3gAP1WLRNTYQOb6j,3,1,1,6,4,1,6,6,6,5,1,3,1,3,1,1,1,1,1,4,4,4,4,4,4,5,1,61,male,bachelor,native,sometimes,Gab.ai,,2025-12-22T00:19:55.380Z
67fc2265467c0ab6f8114ce2,WMT5DoIlhzKjKnM7DIle,4,2,3,6,6,2,6,6,6,6,3,4,6,6,,,,,,,,,,,,5,1,55,female,master,native,often,Chat GPT,"None, thank you",2025-12-22T07:21:36.340Z
68379f3fafa634a21d761586,BQITsy3EEbsTjEhS1E49,4,2,3,6,5,2,7,6,6,7,4,5,6,7,,,,,,,,,,,,5,1,27,male,master,native,often,ChatGPT,"The tasks encouraged real-world application (e.g., recalling a recent meeting, planning changes), making the research feel relevant and actionable.",2025-12-19T21:42:39.542Z
68729361bee62f6a3fb232ec,hbUDZxQfijMpQuAd1OCr,7,4,5,5,7,2,6,6,7,3,1,1,1,4,5,5,7,5,7,5,5,6,5,6,6,5,1,29,female,bachelor,native,very-often,"ChatGPT, MS CoPilot, Gemini, Deepseek",I generally love the arrangement of this study.,2025-12-22T11:22:19.476Z
6888f9158ab561d6bbcf7466,gOR9nNNgKOlxU5uT7kBk,5,1,1,1,6,3,5,5,6,3,1,6,1,6,7,4,7,4,6,6,7,4,1,5,5,4,1,31,male,bachelor,native,very-often,"ChatGPT, Github Copilot Enterprise",,2025-12-22T11:40:34.097Z
68964d2d26b7f42954329beb,yxMHXCvgbmWEWWowNBGT,4,1,3,6,6,1,6,6,6,6,5,5,5,6,,,,,,,,,,,,5,1,31,female,bachelor,native,rarely,ChatGPT,,2025-12-23T11:23:33.679Z
691e376dcd6e82882b5f5a3f,DiW5Pw5XfC85TnG2M0V3,6,1,3,6,5,4,6,7,7,5,4,4,4,6,2,1,2,2,2,3,3,2,2,2,2,5,1,30,female,bachelor,native,sometimes,ChaptGPT and sometimes Grok,,2025-12-21T20:22:30.350Z
692632a21e521046ef338590,W1SBmO6MrR4UR9BC4HCW,7,1,1,7,4,4,7,7,7,4,4,4,5,7,,,,,,,,,,,,5,1,33,female,master,native,rarely,ChatGPT and Gemini,,2025-12-21T06:31:10.611Z
692c55a22b643604a1e5b2b7,XwWZCGyQQSeFkocDmgmk,3,1,5,6,4,2,7,6,6,7,3,3,2,7,2,3,3,3,2,5,5,4,1,2,2,5,1,30,male,bachelor,native,very-often,"ChatGPT, Claude",,2025-12-19T19:50:03.559Z
693aef92856f8d2a01f593f7,ufRqfNVBvdoZYtHNEnX4,4,1,2,6,2,1,7,6,7,5,3,1,6,6,,,,,,,,,,,,5,1,27,male,master,native,often,,,2025-12-20T00:48:42.029Z
6941548fbd8b79fcf75cacc7,PyQSFYRACnmZ327LJ3Sf,2,1,1,6,7,1,7,7,7,7,1,4,2,7,7,7,7,7,7,7,7,7,7,7,7,5,1,45,male,associate,native,very-often,"Gemini, Perplexity, Grok, Chatgpt, Claude",no feedback,2025-12-21T03:11:49.763Z
69416d053e537e4d1c275a3f,7RIAuUfQAT59acqQSzIw,4,1,1,7,3,1,7,7,7,7,2,7,4,7,,,,,,,,,,,,5,1,39,male,bachelor,native,often,"ChatGPT, Microsoft Copilot",,2025-12-21T19:46:18.170Z
69416d24e3dadef069de4f83,ShJc9mrZWHRzh5UgjDOd,6,2,1,7,2,1,6,6,7,7,6,6,6,7,,,,,,,,,,,,5,1,36,female,master,native,often,"ChatGPT, Microsoft Copilot",,2025-12-21T18:38:13.342Z
69416e7b2145d97eb0f931cb,t4xpjqvuAis39d4xafV7,3,1,1,6,2,2,7,7,5,5,5,7,5,5,,,,,,,,,,,,4,1,32,female,bachelor,native,often,,,2025-12-21T18:33:40.237Z
69417dc7901519e2a9fb47a9,ljem8kmG3T6tEAvHjp6z,5,1,2,6,4,1,7,6,6,6,5,4,6,7,5,5,5,5,5,5,5,4,5,3,5,5,1,44,female,master,native,very-often,We are only allowed to use Copilot on our work laptops,This was a really interesting research article - I have worked in Corporate America for years and the suggestions you make on meetings are very valid!,2025-12-21T14:12:38.050Z
6942d12e93e20e19d2db3d33,SJdrosRtMQopXnAP45ya,3,1,1,5,7,1,7,7,7,7,5,1,5,7,7,7,7,7,7,7,7,7,3,1,3,5,1,34,female,master,native,sometimes,ChatGPT,,2025-12-21T17:57:24.089Z
69438d3b4d5b93c9428698fc,JYDRJJZw4WrXh6vArdzT,5,5,2,5,4,2,5,5,5,5,6,5,6,6,5,6,7,7,7,7,7,7,7,7,7,5,1,29,male,associate,native,often,chatgpt,,2025-12-21T19:16:06.573Z
6943e48fc43c953025c04e37,jOEnCNt6tSr6hs6aDrmV,5,1,1,7,7,1,7,7,7,4,4,1,2,3,1,4,4,4,4,4,4,1,4,2,1,5,1,35,female,high-school,native,never,chatGPT,,2025-12-21T15:23:26.267Z
694431339a077d45591b4e21,cFMu8VQzrjVRczEI1AAE,2,1,1,7,3,1,7,7,7,4,1,4,6,7,7,7,7,7,7,7,7,4,6,7,7,5,1,42,female,master,native,often,"ChatGPT, NotebookLM","20 minutes was too long for the reading time. I read the article, utilized all the ai tools available, and then just started chatting silly things with the ai to spend the rest of the time like asking it for jokes. I think 10 minutes would have been sufficient, or 15 minutes max.",2025-12-20T23:14:10.876Z
6944bbd7ad3276bb1858ede4,AyLOp2ODV5x4FePqZTHC,6,1,1,6,7,2,6,6,7,7,6,3,5,6,,,,,,,,,,,,5,1,26,female,doctorate,native,often,"Gemini, AI research",,2025-12-22T00:27:49.240Z
694555b4beadda60a5901ec0,rjW7eqqZYDMen6bQAysY,6,1,6,4,6,3,5,6,6,5,6,6,5,7,,,,,,,,,,,,4,5,29,male,bachelor,native,rarely,,,2025-12-19T19:05:13.292Z
6945d3294c8cf5eefa76293a,vKRUqjLDIc2Ko35I79BS,2,1,1,7,1,1,7,7,7,4,5,7,7,5,1,1,1,1,1,1,6,6,4,2,2,5,1,26,female,bachelor,native,often,ChatGPT,,2025-12-21T17:20:11.444Z
6945f1dfce339124a8978f18,lYTroD6T6pRDE24psFlC,6,2,1,6,6,6,6,6,5,3,4,1,2,3,1,4,4,1,1,1,4,4,5,2,2,4,5,49,female,master,native,rarely,"chat gpt, gemini",,2025-12-21T00:27:57.662Z
65b8b2bf8b3905b0efcb0fd3,qkIhuXZUZ1BhWPjhoECv,4,7,4,7,6,2,6,7,4,2,7,4,6,6,6,7,3,6,5,1,6,6,7,2,4,4,1,49,male,doctorate,native,rarely,ChatGPT,,2025-12-19T14:32:53.426Z
